Date,pELC,rELC,pVTC,rVTC,pBVH,rBVH,pBMI,rBMI,,,,,,,,,,,,,,,,,,,,,,,
3/1/2023,7.3216,,12,,46.5695,,19.8396,,,,,,,,,,,,,,,,,,,,,,,,
4/1/2023,7.2501,-0.9814,12,0.0000,46.5695,0,19.7959,-0.221,,,,,,,,,,,,,,,,,,,,,,,
5/1/2023,7.7144,6.2073,12,0.0000,46.9112,0.73106325,19.7522,-0.221,,,,,,,,,,,,,,,,,,,,,,,
6/1/2023,7.7144,0.0000,11.8,-1.6807,46.9112,0,20.4951,3.692,,,,,,,,,,,,,,,,,,,,,,,
9/1/2023,7.3573,-4.7396,11.8,0.0000,46.7648,-0.312566974,20.4951,0.000,,,,,,,,,,,,,,,,,,,,,,,
10/1/2023,7.5002,1.9237,11.8,0.0000,46.8624,0.208486498,20.8884,1.901,,,,,,,,,,,,,,,,,,,,,,,
11/1/2023,7.5002,0.0000,11.8,0.0000,47.4482,1.242294151,20.801,-0.419,,,,,,,,,,,,,,,,,,,,,,,
12/1/2023,7.5716,0.9475,11.8,0.0000,47.9363,1.023445655,20.9758,0.837,,,,,,,,,,,,,,,,,,,,,,,
13/1/2023,7.3573,-2.8711,11.8,0.0000,47.7411,-0.40803841,20.9758,0.000,,,,,,,,,,,,,,,,,,,,,,,
16/1/2023,7.2144,-1.9614,11.8,0.0000,47.0088,-1.545784389,20.7136,-1.258,,,,,,,,,,,,,,,,,,,,,,,
17/1/2023,7.5716,4.8325,11.8,0.0000,47.4482,0.930377144,20.9758,1.258,,,,,,,,,,,,,,,,,,,,,,,
18/1/2023,8.0716,6.3947,11.8,0.0000,47.2529,-0.412456195,20.9758,0.000,,,,,,,,,,,,,,,,,,,,,,,
19/1/2023,8.5002,5.1738,11.8,0.0000,48.7174,3.052222809,21.5002,2.469,,,,,,,,,,,,,,,,,,,,,,,
27/1/2023,8.3573,-1.6954,11.8,0.0000,49.7913,2.180401417,21.7624,1.212,,,,,,,,,,,,,,,,,,,,,,,
30/1/2023,8.7502,4.5941,11.2,-5.2186,49.3031,-0.985331058,22.3742,2.772,,,,,,,,,,,,,,,,,,,,,,,
31/1/2023,9.143,4.3912,11.2,0.0000,49.2055,-0.198155353,22.5053,0.584,,,,,,,,,,,,,,,,,,,,,,,
1/2/2023,9.0359,-1.1783,11.2,0.0000,48.8150,-0.796776319,21.1069,-6.415,,,,,,,,,,,,,,,,,,,,,,,
2/2/2023,8.8573,-1.9964,11.5,2.6433,48.7662,-0.100019274,21.7187,2.857,,,,,,,,,,,,,,,,,,,,,,,
3/2/2023,8.8573,0.0000,11.5,0.0000,48.5221,-0.501808567,21.8498,0.602,,,,,,,,,,,,,,,,,,,,,,,
6/2/2023,8.9288,0.8040,12.6,9.1350,49.4008,1.794725413,22.5053,2.956,,,,,,,,,,,,,,,,,,,,,,,
7/2/2023,8.7502,-2.0205,12.6,0.0000,48.0340,-2.80575249,22.0246,-2.159,,,,,,,,,,,,,,,,,,,,,,,
8/2/2023,8.7859,0.4072,12.6,0.0000,48.0828,0.101543131,22.0246,0.000,,,,,,,,,,,,,,,,,,,,,,,
9/2/2023,8.7859,0.0000,12.6,0.0000,48.1804,0.202777455,21.9372,-0.398,,,,,,,,,,,,,,,,,,,,,,,
10/2/2023,8.7502,-0.4072,12.6,0.0000,48.6197,0.907649922,21.9372,0.000,,,,,,,,,,,,,,,,,,,,,,,
13/2/2023,8.4287,-3.7434,12.6,0.0000,47.3506,-2.644930742,22.1557,0.991,,,,,,,,,,,,,,,,,,,,,,,
14/2/2023,8.393,-0.4245,13,3.1253,47.9363,1.229355507,22.6364,2.146,,,,,,,,,,,,,,,,,,,,,,,
15/2/2023,8.5359,1.6883,13,0.0000,48.2292,0.609160054,22.8112,0.769,,,,,,,,,,,,,,,,,,,,,,,
16/2/2023,8.643,1.2469,13.9,6.6939,48.9126,1.407038524,23.6851,3.759,,,,,,,,,,,,,,,,,,,,,,,
17/2/2023,9.0002,4.0497,13.9,0.0000,49.2055,0.597037387,23.4666,-0.927,,,,,,,,,,,,,,,,,,,,,,,
20/2/2023,9.3573,3.8910,13.9,0.0000,49.9866,1.574956364,23.4229,-0.186,,,,,,,,,,,,,,,,,,,,,,,
21/2/2023,9.2145,-1.5378,13.9,0.0000,49.3031,-1.376801011,24.1221,2.941,,,,,,,,,,,,,,,,,,,,,,,
22/2/2023,8.8573,-3.9536,13.9,0.0000,48.8150,-0.994931672,23.554,-2.383,,,,,,,,,,,,,,,,,,,,,,,
23/2/2023,8.7502,-1.2165,13.9,0.0000,48.4245,-0.803175868,22.8112,-3.204,,,,,,,,,,,,,,,,,,,,,,,
24/2/2023,8.4287,-3.7434,13.9,0.0000,47.7411,-1.421322187,22.7238,-0.384,,,,,,,,,,,,,,,,,,,,,,,
27/2/2023,8.3573,-0.8507,13.9,0.0000,47.0577,-1.441815379,21.8935,-3.722,,,,,,,,,,,,,,,,,,,,,,,
28/2/2023,8.7859,5.0013,13.9,0.0000,47.3506,0.620498282,22.549,2.950,,,,,,,,,,,,,,,,,,,,,,,
1/3/2023,9.143,3.9840,13.9,0.0000,48.2780,1.93964792,22.2868,-1.170,,,,,,,,,,,,,,,,,,,,,,,
2/3/2023,8.8573,-3.1747,13.9,0.0000,47.8387,-0.914103499,22.9859,3.089,,,,,,,,,,,,,,,,,,,,,,,
3/3/2023,8.7859,-0.8094,13.9,0.0000,47.3017,-1.12886997,22.6364,-1.532,,,,,,,,,,,,,,,,,,,,,,,
6/3/2023,8.7859,0.0000,13.9,0.0000,46.8624,-0.93305875,22.549,-0.387,,,,,,,,,,,,,,,,,,,,,,,
7/3/2023,8.9288,1.6134,13.9,0.0000,47.1553,0.623076182,23.2044,2.865,,,,,,,,,,,,,,,,,,,,,,,
8/3/2023,9.0359,1.1924,13.9,0.0000,47.8387,1.438852539,23.0733,-0.567,,,,,,,,,,,,,,,,,,,,,,,
9/3/2023,9.143,1.1783,15.1,8.2806,48.2780,0.914103499,23.5977,2.247,,,,,,,,,,,,,,,,,,,,,,,
10/3/2023,9.2145,0.7790,15.1,0.0000,48.0340,-0.506687686,23.0733,-2.247,,,,,,,,,,,,,,,,,,,,,,,
13/3/2023,9.1788,-0.3882,15.1,0.0000,48.3269,0.607924795,23.0296,-0.190,,,,,,,,,,,,,,,,,,,,,,,
14/3/2023,8.6787,-5.6025,13.6,-10.4625,47.5458,-1.629488443,21.9372,-4.860,,,,,,,,,,,,,,,,,,,,,,,
15/3/2023,9.1788,5.6025,13,-4.5120,48.1316,1.224546905,22.6364,3.138,,,,,,,,,,,,,,,,,,,,,,,
16/3/2023,9.143,-0.3908,14.3,9.5310,47.4482,-1.430033639,22.0246,-2.740,,,,,,,,,,,,,,,,,,,,,,,
17/3/2023,9.0716,-0.7840,12.9,-10.3032,48.8150,2.839905301,22.1994,0.791,,,,,,,,,,,,,,,,,,,,,,,
20/3/2023,9.0002,-0.7902,12.8,-0.7782,47.8387,-2.020270732,21.5876,-2.795,,,,,,,,,,,,,,,,,,,,,,,
21/3/2023,9.0359,0.3959,12.5,-2.3717,47.8387,0,21.7624,0.806,,,,,,,,,,,,,,,,,,,,,,,
22/3/2023,9.0716,0.3943,12.5,0.0000,47.8387,0,21.9372,0.800,,,,,,,,,,,,,,,,,,,,,,,
23/3/2023,9.0716,0.0000,12.5,0.0000,47.7411,-0.204227324,21.7624,-0.800,,,,,,,,,,,,,,,,,,,,,,,
24/3/2023,9.0002,-0.7902,13,3.9221,47.3506,-0.821317097,21.5876,-0.806,,,,,,,,,,,,,,,,,,,,,,,
27/3/2023,9.0002,0.0000,13.6,4.5120,47.3506,0,21.5876,0.000,,,,,,,,,,,,,,,,,,,,,,,
28/3/2023,8.8216,-2.0044,13.6,0.0000,47.3506,0,21.7187,0.605,,,,,,,,,,,,,,,,,,,,,,,
29/3/2023,8.9288,1.2079,13.6,0.0000,47.1553,-0.413308117,21.7187,0.000,,,,,,,,,,,,,,,,,,,,,,,
30/3/2023,9.5359,6.5782,12.4,-9.2373,47.3017,0.309982568,21.8498,0.602,,,,,,,,,,,,,,,,,,,,,,,
31/3/2023,9.7502,2.2224,13.5,8.4993,47.3017,0,20.6262,-5.763,,,,,,,,,,,,,,,,,,,,,,,
3/4/2023,9.9288,1.8152,13.5,0.0000,47.8387,1.12886997,21.1506,2.511,,,,,,,,,,,,,,,,,,,,,,,
4/4/2023,9.8931,-0.3602,13,-3.7740,48.0340,0.407415813,21.1943,0.206,,,,,,,,,,,,,,,,,,,,,,,
5/4/2023,9.8216,-0.7254,13,0.0000,47.8875,-0.305458346,21.4128,1.026,,,,,,,,,,,,,,,,,,,,,,,
6/4/2023,9.8216,0.0000,13,0.0000,47.3506,-1.127501888,21.4128,0.000,,,,,,,,,,,,,,,,,,,,,,,
7/4/2023,9.8216,0.0000,13,0.0000,47.3506,0,21.3254,-0.409,,,,,,,,,,,,,,,,,,,,,,,
10/4/2023,9.8573,0.3628,13,0.0000,47.7411,0.821317097,20.9758,-1.653,,,,,,,,,,,,,,,,,,,,,,,
11/4/2023,9.8216,-0.3628,13,0.0000,47.9851,0.509788393,21.1506,0.830,,,,,,,,,,,,,,,,,,,,,,,
12/4/2023,9.7502,-0.7296,13,0.0000,47.3506,-1.331105491,21.5439,1.842,,,,,,,,,,,,,,,,,,,,,,,
13/4/2023,9.5716,-1.8487,13,0.0000,47.2529,-0.206546343,21.4128,-0.610,,,,,,,,,,,,,,,,,,,,,,,
14/4/2023,9.3216,-2.6466,13,0.0000,46.8624,-0.829837956,20.9758,-2.062,,,,,,,,,,,,,,,,,,,,,,,
17/4/2023,9.0002,-3.5087,13,0.0000,46.0814,-1.680625029,20.801,-0.837,,,,,,,,,,,,,,,,,,,,,,,
18/4/2023,9.2145,2.3532,13,0.0000,45.8861,-0.424715891,20.7136,-0.421,,,,,,,,,,,,,,,,,,,,,,,
19/4/2023,9.2859,0.7719,13,0.0000,45.0562,-1.825163951,20.4514,-1.274,,,,,,,,,,,,,,,,,,,,,,,
20/4/2023,9.6073,3.4026,13,0.0000,45.8861,1.825163951,20.5825,0.639,,,,,,,,,,,,,,,,,,,,,,,
21/4/2023,9.6788,0.7415,13,0.0000,45.7397,-0.31956092,20.4514,-0.639,,,,,,,,,,,,,,,,,,,,,,,
24/4/2023,9.5716,-1.1138,13,0.0000,45.3003,-0.965297478,20.2766,-0.858,,,,,,,,,,,,,,,,,,,,,,,
25/4/2023,9.2859,-3.0303,13,0.0000,44.5193,-1.739085197,19.6648,-3.064,,,,,,,,,,,,,,,,,,,,,,,
26/4/2023,9.4645,1.9051,13,0.0000,44.7634,0.546803822,19.7522,0.443,,,,,,,,,,,,,,,,,,,,,,,
27/4/2023,9.393,-0.7583,13,0.0000,43.7871,-2.205158778,19.7522,0.000,,,,,,,,,,,,,,,,,,,,,,,
28/4/2023,9.4288,0.3804,13,0.0000,43.8359,0.111386291,19.9707,1.100,,,,,,,,,,,,,,,,,,,,,,,
4/5/2023,10.0716,6.5951,13,0.0000,44.1776,0.776475692,20.0581,0.437,,,,,,,,,,,,,,,,,,,,,,,
5/5/2023,10.0716,0.0000,11.7,-10.5361,44.8122,1.426255048,20.2329,0.868,,,,,,,,,,,,,,,,,,,,,,,
8/5/2023,10.1431,0.7074,11.8,0.8511,44.9098,0.217560996,19.6648,-2.848,,,,,,,,,,,,,,,,,,,,,,,
9/5/2023,10.1431,0.0000,11.8,0.0000,44.9098,0,20.0144,1.762,,,,,,,,,,,,,,,,,,,,,,,
10/5/2023,10.1431,0.0000,11.8,0.0000,44.8610,-0.108721332,20.3203,1.517,,,,,,,,,,,,,,,,,,,,,,,
11/5/2023,10.1788,0.3513,12,1.6807,44.6169,-0.54561094,19.7522,-2.836,,,,,,,,,,,,,,,,,,,,,,,
12/5/2023,10.0716,-1.0588,12,0.0000,44.9098,0.654332272,19.7959,0.221,,,,,,,,,,,,,,,,,,,,,,,
15/5/2023,9.6788,-3.9782,12,0.0000,44.4217,-1.092794496,20.1892,1.967,,,,,,,,,,,,,,,,,,,,,,,
16/5/2023,9.6073,-0.7415,12,0.0000,44.2264,-0.440619294,19.927,-1.307,,,,,,,,,,,,,,,,,,,,,,,
17/5/2023,9.8931,2.9314,12,0.0000,43.9823,-0.553461559,20.7136,3.871,,,,,,,,,,,,,,,,,,,,,,,
18/5/2023,10.1788,2.8470,12,0.0000,43.7382,-0.556541812,20.9321,1.049,,,,,,,,,,,,,,,,,,,,,,,
19/5/2023,10.1431,-0.3513,12,0.0000,43.2501,-1.122231662,20.801,-0.628,,,,,,,,,,,,,,,,,,,,,,,
22/5/2023,10.0716,-0.7074,12,0.0000,42.7619,-1.135202629,20.9758,0.837,,,,,,,,,,,,,,,,,,,,,,,
23/5/2023,10.1073,0.3538,12.8,6.4539,43.5430,1.810143637,20.8884,-0.418,,,,,,,,,,,,,,,,,,,,,,,
24/5/2023,10.1073,0.0000,12,-6.4539,43.3965,-0.33701629,20.6262,-1.263,,,,,,,,,,,,,,,,,,,,,,,
25/5/2023,10.0359,-0.7089,12,0.0000,43.0548,-0.790506978,20.5388,-0.425,,,,,,,,,,,,,,,,,,,,,,,
26/5/2023,10.0002,-0.3564,11.1,-7.7962,42.5179,-1.254855919,20.7136,0.847,,,,,,,,,,,,,,,,,,,,,,,
29/5/2023,10.1073,1.0653,11.8,6.1154,42.9084,0.914244723,20.801,0.421,,,,,,,,,,,,,,,,,,,,,,,
30/5/2023,10.0002,-1.0653,12.3,4.1500,42.7619,-0.342009174,20.801,0.000,,,,,,,,,,,,,,,,,,,,,,,
31/5/2023,9.8573,-1.4393,12.3,0.0000,42.4690,-0.68731212,20.8447,0.210,,,,,,,,,,,,,,,,,,,,,,,
1/6/2023,9.8573,0.0000,12.3,0.0000,42.6155,0.344363885,21.5876,3.502,,,,,,,,,,,,,,,,,,,,,,,
2/6/2023,9.8931,0.3625,11.6,-5.8594,43.0548,1.025568605,21.5876,0.000,,,,,,,,,,,,,,,,,,,,,,,
5/6/2023,10.0002,1.0768,12.6,8.2692,43.4454,0.903125438,21.7187,0.605,,,,,,,,,,,,,,,,,,,,,,,
6/6/2023,10.0002,0.0000,12.6,0.0000,43.8847,1.006076268,21.7182,-0.002,,,,,,,,,,,,,,,,,,,,,,,
7/6/2023,9.6431,-3.6362,12.6,0.0000,43.5918,-0.66966807,21.6736,-0.206,,,,,,,,,,,,,,,,,,,,,,,
8/6/2023,9.2859,-3.7746,11.6,-8.2692,43.0548,-1.239533636,21.5398,-0.619,,,,,,,,,,,,,,,,,,,,,,,
9/6/2023,9.3573,0.7660,11.3,-2.6202,42.7619,-0.68262037,21.2276,-1.460,,,,,,,,,,,,,,,,,,,,,,,
12/6/2023,9.6431,3.0086,11.3,0.0000,43.4454,1.585745807,21.0493,-0.843,,,,,,,,,,,,,,,,,,,,,,,
13/6/2023,9.6431,0.0000,11,-2.6907,43.9335,1.117214973,21.9858,4.353,,,,,,,,,,,,,,,,,,,,,,,
14/6/2023,9.5359,-1.1179,10.3,-6.5751,43.5430,-0.892817143,21.6736,-1.430,,,,,,,,,,,,,,,,,,,,,,,
15/6/2023,9.5359,0.0000,10.1,-1.9608,43.3477,-0.449531029,21.3614,-1.451,,,,,,,,,,,,,,,,,,,,,,,
16/6/2023,9.3573,-1.8907,11,8.5360,43.0060,-0.791400446,21.5844,1.039,,,,,,,,,,,,,,,,,,,,,,,
19/6/2023,9.4288,0.7612,11,0.0000,42.6643,-0.797713588,21.2722,-1.457,,,,,,,,,,,,,,,,,,,,,,,
20/6/2023,9.4288,0.0000,11,0.0000,42.9572,0.68417662,21.2276,-0.210,,,,,,,,,,,,,,,,,,,,,,,
21/6/2023,9.5359,1.1295,11,0.0000,43.1036,0.340224914,21.2276,0.000,,,,,,,,,,,,,,,,,,,,,,,
22/6/2023,9.5716,0.3737,11,0.0000,43.1036,0,21.3168,0.419,,,,,,,,,,,,,,,,,,,,,,,
23/6/2023,9.6431,0.7442,11,0.0000,44.0311,2.128968212,21.629,1.454,,,,,,,,,,,,,,,,,,,,,,,
26/6/2023,9.9288,2.9197,11,0.0000,44.1776,0.332167087,21.8074,0.821,,,,,,,,,,,,,,,,,,,,,,,
27/6/2023,9.7859,-1.4497,11,0.0000,44.2264,0.110402255,22.2534,2.025,,,,,,,,,,,,,,,,,,,,,,,
28/6/2023,9.8216,0.3641,11.6,5.3110,44.0799,-0.331799961,21.852,-1.820,,,,,,,,,,,,,,,,,,,,,,,
29/6/2023,9.6073,-2.2061,11.5,-0.8658,43.2501,-1.900435073,21.4952,-1.646,,,,,,,,,,,,,,,,,,,,,,,
30/6/2023,9.6073,0.0000,11.5,0.0000,43.0548,-0.45258226,21.1385,-1.673,,,,,,,,,,,,,,,,,,,,,,,
3/7/2023,9.5002,-1.1210,11.5,0.0000,43.4454,0.903125438,21.3168,0.840,,,,,,,,,,,,,,,,,,,,,,,
4/7/2023,9.5359,0.3751,12,4.2560,43.9823,1.228230297,21.6736,1.660,,,,,,,,,,,,,,,,,,,,,,,
5/7/2023,9.8573,3.3149,12,0.0000,43.7382,-0.556541812,21.6736,0.000,,,,,,,,,,,,,,,,,,,,,,,
6/7/2023,9.9288,0.7227,12.2,1.6529,43.9335,0.445526488,22.3871,3.239,,,,,,,,,,,,,,,,,,,,,,,
7/7/2023,9.9288,0.0000,12.2,0.0000,44.1776,0.554074627,22.3425,-0.199,,,,,,,,,,,,,,,,,,,,,,,
10/7/2023,10.1788,2.4868,12.2,0.0000,44.5193,0.770492972,22.298,-0.199,,,,,,,,,,,,,,,,,,,,,,,
11/7/2023,10.5359,3.4481,12.2,0.0000,44.4217,-0.219471423,22.6547,1.587,,,,,,,,,,,,,,,,,,,,,,,
12/7/2023,10.4288,-1.0217,12.2,0.0000,45.7397,2.923854098,22.7439,0.393,,,,,,,,,,,,,,,,,,,,,,,
13/7/2023,10.7859,3.3669,12.2,0.0000,45.8861,0.31956092,22.7439,0.000,,,,,,,,,,,,,,,,,,,,,,,
14/7/2023,10.9645,1.6423,12.2,0.0000,45.6908,-0.426527424,22.5209,-0.985,,,,,,,,,,,,,,,,,,,,,,,
17/7/2023,10.9645,0.0000,12.2,0.0000,46.1790,1.062818457,23.2791,3.311,,,,,,,,,,,,,,,,,,,,,,,
18/7/2023,10.8574,-0.9816,13,6.3513,45.9349,-0.529997256,23.1899,-0.384,,,,,,,,,,,,,,,,,,,,,,,
19/7/2023,10.7145,-1.3249,13,0.0000,45.7885,-0.319220884,22.8777,-1.355,,,,,,,,,,,,,,,,,,,,,,,
20/7/2023,10.6431,-0.6686,13,0.0000,45.6908,-0.213600316,23.5466,2.882,,,,,,,,,,,,,,,,,,,,,,,
21/7/2023,10.9288,2.6490,13,0.0000,46.3742,1.484630538,23.502,-0.190,,,,,,,,,,,,,,,,,,,,,,,
24/7/2023,10.8931,-0.3272,11.8,-9.6850,46.1302,-0.527543697,23.4574,-0.190,,,,,,,,,,,,,,,,,,,,,,,
25/7/2023,10.8931,0.0000,11.8,0.0000,45.7885,-0.743486525,23.5912,0.569,,,,,,,,,,,,,,,,,,,,,,,
26/7/2023,10.6788,-1.9869,11.8,0.0000,45.5444,-0.534529356,23.5466,-0.189,,,,,,,,,,,,,,,,,,,,,,,
27/7/2023,10.7859,0.9979,11.8,0.0000,45.4468,-0.214526322,23.1007,-1.912,,,,,,,,,,,,,,,,,,,,,,,
28/7/2023,11.0717,2.6153,11.8,0.0000,45.5444,0.214526322,23.0561,-0.193,,,,,,,,,,,,,,,,,,,,,,,
31/7/2023,11.8217,6.5545,10.8,-8.8553,47.0088,3.16471439,23.1007,0.193,,,,,,,,,,,,,,,,,,,,,,,
1/8/2023,12.286,3.8524,11.8,8.8553,46.1302,-1.886698509,23.0115,-0.387,,,,,,,,,,,,,,,,,,,,,,,
2/8/2023,12.5003,1.7292,11.8,0.0000,46.7160,1.261888528,22.9223,-0.388,,,,,,,,,,,,,,,,,,,,,,,
3/8/2023,12.8574,2.8167,11.8,0.0000,46.1790,-1.156156912,22.6993,-0.978,,,,,,,,,,,,,,,,,,,,,,,
4/8/2023,13.7146,6.4541,12.9,8.9128,45.9837,-0.423816343,22.8331,0.588,,,,,,,,,,,,,,,,,,,,,,,
7/8/2023,13.5003,-1.5749,11.9,-8.0689,46.8624,1.892866229,22.8331,0.000,,,,,,,,,,,,,,,,,,,,,,,
8/8/2023,14.0003,3.6367,12.9,8.0689,46.4231,-0.941846798,23.1007,1.165,,,,,,,,,,,,,,,,,,,,,,,
9/8/2023,14.6432,4.4897,12,-7.2321,46.2766,-0.316074641,23.1899,0.385,,,,,,,,,,,,,,,,,,,,,,,
10/8/2023,14.286,-2.4696,11,-8.7011,45.8861,-0.847419481,23.1007,-0.385,,,,,,,,,,,,,,,,,,,,,,,
11/8/2023,14.6789,2.7131,11,0.0000,45.5932,-0.640365637,23.0115,-0.387,,,,,,,,,,,,,,,,,,,,,,,
14/8/2023,14.8574,1.2087,11.1,0.9050,45.7885,0.427438529,22.7439,-1.170,,,,,,,,,,,,,,,,,,,,,,,
15/8/2023,14.9289,0.4801,11.1,0.0000,46.0814,0.637642998,23.5912,3.658,,,,,,,,,,,,,,,,,,,,,,,
16/8/2023,15.036,0.7148,11,-0.9050,45.7885,-0.637642998,23.725,0.566,,,,,,,,,,,,,,,,,,,,,,,
17/8/2023,15.036,0.0000,11,0.0000,45.3979,-0.856711942,23.948,0.936,,,,,,,,,,,,,,,,,,,,,,,
18/8/2023,15.1432,0.7104,12.1,9.5310,43.1525,-5.072549519,23.1899,-3.217,,,,,,,,,,,,,,,,,,,,,,,
21/8/2023,15.7503,3.9308,10.9,-10.4443,43.5430,0.900860231,24.0372,3.589,,,,,,,,,,,,,,,,,,,,,,,
22/8/2023,16.8218,6.5816,10.9,0.0000,44.3240,1.777733548,25.1521,4.534,,,,,,,,,,,,,,,,,,,,,,,
23/8/2023,17.7146,5.1713,10.5,-3.7388,44.4217,0.220179771,25.1521,0.000,,,,,,,,,,,,,,,,,,,,,,,
24/8/2023,17.7861,0.4028,10.5,0.0000,44.3240,-0.220179771,25.1967,0.177,,,,,,,,,,,,,,,,,,,,,,,
25/8/2023,17.2503,-3.0588,10.5,0.0000,43.8359,-1.107317471,24.8845,-1.247,,,,,,,,,,,,,,,,,,,,,,,
28/8/2023,17.5004,1.4394,11.4,8.2238,43.8359,0,25.1521,1.070,,,,,,,,,,,,,,,,,,,,,,,
29/8/2023,17.2146,-1.6466,10.5,-8.2238,43.7382,-0.223125423,24.9737,-0.712,,,,,,,,,,,,,,,,,,,,,,,
30/8/2023,17.6432,2.4593,10.5,0.0000,43.9823,0.556541812,24.9737,0.000,,,,,,,,,,,,,,,,,,,,,,,
31/8/2023,18.0361,2.2025,11.5,9.0972,44.1288,0.332535027,24.8845,-0.358,,,,,,,,,,,,,,,,,,,,,,,
5/9/2023,17.7861,-1.3958,11.3,-1.7544,44.3728,0.551403858,25.9548,4.211,,,,,,,,,,,,,,,,,,,,,,,
6/9/2023,17.3575,-2.4393,11.3,0.0000,44.5681,0.439168738,25.8656,-0.344,,,,,,,,,,,,,,,,,,,,,,,
7/9/2023,16.7146,-3.7742,11.3,0.0000,44.6657,0.218751278,25.5535,-1.214,,,,,,,,,,,,,,,,,,,,,,,
8/9/2023,17.1789,2.7399,10.7,-5.4559,44.5681,-0.218751278,25.821,1.041,,,,,,,,,,,,,,,,,,,,,,,
11/9/2023,17.1789,0.0000,10.3,-3.8100,44.4217,-0.32902677,25.7318,-0.346,,,,,,,,,,,,,,,,,,,,,,,
12/9/2023,17.4289,1.4448,10.3,0.0000,44.7145,0.656974502,25.6872,-0.173,,,,,,,,,,,,,,,,,,,,,,,
13/9/2023,17.9646,3.0273,10.3,0.0000,44.4705,-0.547178581,24.9737,-2.817,,,,,,,,,,,,,,,,,,,,,,,
14/9/2023,17.8218,-0.7981,10.3,0.0000,44.1288,-0.771341747,25.3305,1.419,,,,,,,,,,,,,,,,,,,,,,,
15/9/2023,17.4646,-2.0246,10.3,0.0000,43.8359,-0.665951416,25.3305,0.000,,,,,,,,,,,,,,,,,,,,,,,
18/9/2023,17.1432,-1.8574,10.3,0.0000,43.7382,-0.223125423,24.6169,-2.858,,,,,,,,,,,,,,,,,,,,,,,
19/9/2023,17.1432,0.0000,10.3,0.0000,43.0060,-1.68822213,24.394,-0.910,,,,,,,,,,,,,,,,,,,,,,,
20/9/2023,17.2146,0.4156,10,-2.9559,43.5430,1.240931475,24.5723,0.728,,,,,,,,,,,,,,,,,,,,,,,
21/9/2023,17.0361,-1.0423,10.9,8.6178,43.2989,-0.562172506,24.2602,-1.278,,,,,,,,,,,,,,,,,,,,,,,
22/9/2023,16.5718,-2.7632,10.9,0.0000,42.5667,-1.705497307,24.0818,-0.738,,,,,,,,,,,,,,,,,,,,,,,
25/9/2023,15.9289,-3.9567,10.9,0.0000,41.1999,-3.263642829,22.4317,-7.098,,,,,,,,,,,,,,,,,,,,,,,
26/9/2023,15.9646,0.2239,10.5,-3.7388,41.0046,-0.475157364,22.9669,2.358,,,,,,,,,,,,,,,,,,,,,,,
27/9/2023,16.6432,4.1628,10.5,0.0000,41.3951,0.947826081,23.5912,2.682,,,,,,,,,,,,,,,,,,,,,,,
28/9/2023,16.5003,-0.8623,9.9,-5.8841,41.3951,0,23.3683,-0.949,,,,,,,,,,,,,,,,,,,,,,,
29/9/2023,16.6075,0.6476,9.9,0.0000,41.1510,-0.591428817,23.5466,0.760,,,,,,,,,,,,,,,,,,,,,,,
2/10/2023,16.7146,0.6428,9.7,-2.0409,41.2487,0.237136897,23.1899,-1.526,,,,,,,,,,,,,,,,,,,,,,,
3/10/2023,16.286,-2.5977,9.7,0.0000,40.8582,-0.951206158,23.1899,0.000,,,,,,,,,,,,,,,,,,,,,,,
4/10/2023,16.286,0.0000,8.8,-9.7374,41.0534,0.476612274,23.3683,0.766,,,,,,,,,,,,,,,,,,,,,,,
5/10/2023,16.2503,-0.2194,9.6,8.7011,40.9070,-0.357246074,23.0561,-1.345,,,,,,,,,,,,,,,,,,,,,,,
6/10/2023,16.3575,0.6575,9.6,0.0000,40.9070,0,23.1899,0.579,,,,,,,,,,,,,,,,,,,,,,,
9/10/2023,16.2503,-0.6575,9.6,0.0000,41.1999,0.713463162,23.0115,-0.772,,,,,,,,,,,,,,,,,,,,,,,
10/10/2023,16.3932,0.8755,9.6,0.0000,41.5416,0.825950563,23.0115,0.000,,,,,,,,,,,,,,,,,,,,,,,
11/10/2023,17.5361,6.7395,8.7,-9.8440,41.5904,0.117403661,22.7439,-1.170,,,,,,,,,,,,,,,,,,,,,,,
12/10/2023,18.0004,2.6132,8.8,1.1429,41.6392,0.117265986,23.2521,2.210,,,,,,,,,,,,,,,,,,,,,,,
13/10/2023,17.9289,-0.3980,9.5,7.6540,41.2975,-0.824006582,23.2521,0.000,,,,,,,,,,,,,,,,,,,,,,,
16/10/2023,18.2861,1.9727,8.8,-7.6540,40.6629,-1.548583662,23.0068,-1.061,,,,,,,,,,,,,,,,,,,,,,,
17/10/2023,17.0361,-7.0807,9.6,8.7011,40.5653,-0.240310747,22.5653,-1.938,,,,,,,,,,,,,,,,,,,,,,,
18/10/2023,16.9289,-0.6312,9.6,0.0000,39.8819,-1.699043447,22.0257,-2.420,,,,,,,,,,,,,,,,,,,,,,,
19/10/2023,16.5718,-2.1320,8.7,-9.8440,39.2473,-1.603993483,21.5842,-2.025,,,,,,,,,,,,,,,,,,,,,,,
20/10/2023,16.7861,1.2849,8.7,0.0000,40.0283,1.97040519,21.9276,1.578,,,,,,,,,,,,,,,,,,,,,,,
23/10/2023,16.3575,-2.5865,9.5,8.7969,39.5401,-1.227135713,21.5351,-1.806,,,,,,,,,,,,,,,,,,,,,,,
24/10/2023,16.3932,0.2180,9.5,0.0000,39.7842,0.615450172,21.388,-0.685,,,,,,,,,,,,,,,,,,,,,,,
25/10/2023,16.2146,-1.0955,8.7,-8.7969,39.8819,0.245273834,21.4861,0.458,,,,,,,,,,,,,,,,,,,,,,,
26/10/2023,15.1074,-7.0727,8.7,0.0000,38.1245,-4.50654668,20.0144,-7.095,,,,,,,,,,,,,,,,,,,,,,,
27/10/2023,15.1074,0.0000,8.7,0.0000,38.5638,1.145689252,20.2597,1.218,,,,,,,,,,,,,,,,,,,,,,,
30/10/2023,14.0717,-7.1019,9.5,8.7969,38.2221,-0.890013025,19.9654,-1.463,,,,,,,,,,,,,,,,,,,,,,,
31/10/2023,14.0717,0.0000,8.6,-9.9530,37.9781,-0.640420455,19.9163,-0.246,,,,,,,,,,,,,,,,,,,,,,,
1/11/2023,15.036,6.6282,8.6,0.0000,38.0757,0.256660558,20.2107,1.467,,,,,,,,,,,,,,,,,,,,,,,
2/11/2023,16.0718,6.6619,9.2,6.7441,39.6378,4.020692505,21.1427,4.508,,,,,,,,,,,,,,,,,,,,,,,
3/11/2023,16.4289,2.1976,9.2,0.0000,39.4425,-0.493929328,20.9955,-0.699,,,,,,,,,,,,,,,,,,,,,,,
6/11/2023,16.6789,1.5102,10.1,9.3332,39.7354,0.739856288,21.437,2.081,,,,,,,,,,,,,,,,,,,,,,,
7/11/2023,16.7146,0.2138,11.1,9.4410,39.4425,-0.739856288,21.1918,-1.150,,,,,,,,,,,,,,,,,,,,,,,
8/11/2023,17.1432,2.5319,12.1,8.6260,40.0283,1.47427888,21.388,0.922,,,,,,,,,,,,,,,,,,,,,,,
9/11/2023,17.1432,0.0000,13.1,7.9407,40.0283,0,21.5842,0.913,,,,,,,,,,,,,,,,,,,,,,,
10/11/2023,16.9289,-1.2579,11.8,-10.4513,39.6378,-0.980349553,21.437,-0.684,,,,,,,,,,,,,,,,,,,,,,,
13/11/2023,16.6432,-1.7020,12.9,8.9128,39.5890,-0.123190653,20.9955,-2.081,,,,,,,,,,,,,,,,,,,,,,,
14/11/2023,16.6789,0.2143,14.1,8.8947,39.8330,0.614441257,20.7993,-0.939,,,,,,,,,,,,,,,,,,,,,,,
15/11/2023,16.6789,0.0000,12.7,-10.4573,39.9307,0.244973713,21.3389,2.561,,,,,,,,,,,,,,,,,,,,,,,
16/11/2023,17.8218,6.6278,11.5,-9.9255,40.3212,0.973193362,21.1918,-0.692,,,,,,,,,,,,,,,,,,,,,,,
17/11/2023,17.8575,0.2001,10.4,-10.0541,39.8819,-1.095479834,21.0937,-0.464,,,,,,,,,,,,,,,,,,,,,,,
20/11/2023,18.8218,5.2592,9.5,-9.0514,39.8330,-0.122687242,20.7993,-1.406,,,,,,,,,,,,,,,,,,,,,,,
21/11/2023,18.8575,0.1895,9.5,0.0000,39.8330,0,21.0937,1.406,,,,,,,,,,,,,,,,,,,,,,,
22/11/2023,19.5004,3.3524,9.6,1.0471,39.8819,0.122687242,21.0937,0.000,,,,,,,,,,,,,,,,,,,,,,,
23/11/2023,18.1432,-7.2139,10.3,7.0381,39.5401,-0.860724006,20.7012,-1.878,,,,,,,,,,,,,,,,,,,,,,,
24/11/2023,18.4289,1.5624,10.2,-0.9756,39.2961,-0.619006951,20.9465,1.178,,,,,,,,,,,,,,,,,,,,,,,
27/11/2023,18.7147,1.5389,10.1,-0.9852,38.8500,-1.14172005,20.7012,-1.178,,,,,,,,,,,,,,,,,,,,,,,
28/11/2023,18.6075,-0.5745,9.5,-6.1244,39.6000,1.912104145,20.8484,0.709,,,,,,,,,,,,,,,,,,,,,,,
29/11/2023,18.3218,-1.5473,10,5.1293,39.7000,0.252206943,20.8974,0.235,,,,,,,,,,,,,,,,,,,,,,,
30/11/2023,18.6432,1.7390,9.9,-1.0050,39.0000,-1.778954156,20.8484,-0.235,,,,,,,,,,,,,,,,,,,,,,,
1/12/2023,18.3932,-1.3500,9.5,-4.1243,39.7000,1.778954156,20.7993,-0.236,,,,,,,,,,,,,,,,,,,,,,,
4/12/2023,18.3575,-0.1943,9.5,0.0000,40.0000,0.752826642,21.0446,1.172,,,,,,,,,,,,,,,,,,,,,,,
5/12/2023,18.3218,-0.1947,9.5,0.0000,39.8000,-0.501254182,20.9465,-0.467,,,,,,,,,,,,,,,,,,,,,,,
6/12/2023,19.55,6.4884,9.5,0.0000,40.0500,0.626176122,20.8974,-0.235,,,,,,,,,,,,,,,,,,,,,,,
7/12/2023,19.6,0.2554,9.5,0.0000,39.6000,-1.129955525,20.6031,-1.418,,,,,,,,,,,,,,,,,,,,,,,
8/12/2023,19.5,-0.5115,8.9,-6.5241,39.5500,-0.126342405,20.7993,0.948,,,,,,,,,,,,,,,,,,,,,,,
11/12/2023,19.35,-0.7722,8.9,0.0000,40.0500,1.25629793,20.7503,-0.236,,,,,,,,,,,,,,,,,,,,,,,
12/12/2023,19.35,0.0000,9.3,4.3963,40.1000,0.12476608,20.7993,0.236,,,,,,,,,,,,,,,,,,,,,,,
13/12/2023,18.9,-2.3530,9.4,1.0695,40.5000,0.99256398,20.7012,-0.473,,,,,,,,,,,,,,,,,,,,,,,
14/12/2023,19.15,1.3141,9.4,0.0000,40.1500,-0.867953372,20.505,-0.952,,,,,,,,,,,,,,,,,,,,,,,
15/12/2023,18.8,-1.8446,9.6,2.1053,39.5000,-1.632176849,20.4069,-0.480,,,,,,,,,,,,,,,,,,,,,,,
18/12/2023,18.65,-0.8011,8.9,-7.5712,39.0500,-1.145779562,20.4069,0.000,,,,,,,,,,,,,,,,,,,,,,,
19/12/2023,18.75,0.5348,9.4,5.4658,39.2000,0.383387051,20.505,0.480,,,,,,,,,,,,,,,,,,,,,,,
20/12/2023,18.95,1.0610,9.4,0.0000,39.3500,0.381922807,20.6031,0.477,,,,,,,,,,,,,,,,,,,,,,,
21/12/2023,19,0.2635,9.4,0.0000,39.3500,0,20.7503,0.712,,,,,,,,,,,,,,,,,,,,,,,
22/12/2023,19.7,3.6180,10.1,7.1826,38.9000,-1.150172424,20.7012,-0.237,,,,,,,,,,,,,,,,,,,,,,,
25/12/2023,19.9,1.0101,9.5,-6.1244,39.3000,1.023026825,20.7503,0.237,,,,,,,,,,,,,,,,,,,,,,,
26/12/2023,20.7,3.9414,8.7,-8.7969,39.5000,0.507615303,20.8974,0.706,,,,,,,,,,,,,,,,,,,,,,,
27/12/2023,20.55,-0.7273,9.5,8.7969,39.5500,0.126502231,20.8974,0.000,,,,,,,,,,,,,,,,,,,,,,,
28/12/2023,20.45,-0.4878,9.5,0.0000,39.6000,0.126342405,20.8974,0.000,,,,,,,,,,,,,,,,,,,,,,,
29/12/2023,20.85,1.9371,9.5,0.0000,39.5000,-0.252844635,20.9465,0.235,,,,,,,,,,,,,,,,,,,,,,,
2/1/2024,20.85,0.0000,10,5.1293,39.6000,0.252844635,20.8484,-0.469,,,,,,,,,,,,,,,,,,,,,,,
3/1/2024,21.25,1.9003,9,-10.5361,39.8000,0.503779403,20.9955,0.703,,,,,,,,,,,,,,,,,,,,,,,
4/1/2024,21.1,-0.7084,9,0.0000,40.1000,0.750942202,20.9465,-0.234,,,,,,,,,,,,,,,,,,,,,,,
5/1/2024,20.95,-0.7134,9,0.0000,40.0000,-0.24968802,21.2899,1.626,,,,,,,,,,,,,,,,,,,,,,,
8/1/2024,20.9,-0.2389,9.5,5.4067,40.0000,0,21.2408,-0.231,,,,,,,,,,,,,,,,,,,,,,,
9/1/2024,20.8,-0.4796,9,-5.4067,40.0000,0,21.2408,0.000,,,,,,,,,,,,,,,,,,,,,,,
10/1/2024,20.5,-1.4528,9,0.0000,40.5000,1.242252,21.8785,2.958,,,,,,,,,,,,,,,,,,,,,,,
11/1/2024,20.75,1.2121,9,0.0000,42.0000,3.636764417,21.6823,-0.901,,,,,,,,,,,,,,,,,,,,,,,
12/1/2024,19.6,-5.7017,9,0.0000,41.8000,-0.477327875,21.388,-1.367,,,,,,,,,,,,,,,,,,,,,,,
15/1/2024,19,-3.1091,8.6,-4.5462,41.0000,-1.932427283,21.437,0.229,,,,,,,,,,,,,,,,,,,,,,,
16/1/2024,19.1,0.5249,8.6,0.0000,41.0000,0,21.3389,-0.459,,,,,,,,,,,,,,,,,,,,,,,
17/1/2024,19.1,0.0000,8.3,-3.5507,41.2000,0.486618965,21.3389,0.000,,,,,,,,,,,,,,,,,,,,,,,
18/1/2024,19.35,1.3004,9,8.0969,41.2000,0,21.388,0.230,,,,,,,,,,,,,,,,,,,,,,,
19/1/2024,19.3,-0.2587,8.3,-8.0969,41.3000,0.242424361,21.5842,0.913,,,,,,,,,,,,,,,,,,,,,,,
22/1/2024,19.05,-1.3038,8.9,6.9796,41.2000,-0.242424361,21.6333,0.227,,,,,,,,,,,,,,,,,,,,,,,
23/1/2024,19.05,0.0000,8.9,0.0000,40.8000,-0.975617495,21.4861,-0.683,,,,,,,,,,,,,,,,,,,,,,,
24/1/2024,19.15,0.5236,8.9,0.0000,40.7000,-0.245398896,21.2408,-1.148,,,,,,,,,,,,,,,,,,,,,,,
25/1/2024,19.1,-0.2614,8.9,0.0000,40.7000,0,21.1427,-0.463,,,,,,,,,,,,,,,,,,,,,,,
26/1/2024,19.4,1.5585,8.5,-4.5985,40.9000,0.49019706,21.3389,0.924,,,,,,,,,,,,,,,,,,,,,,,
29/1/2024,20.1,3.5447,8.5,0.0000,41.2000,0.730819331,21.388,0.230,,,,,,,,,,,,,,,,,,,,,,,
30/1/2024,20.2,0.4963,8.8,3.4686,41.0000,-0.486618965,21.388,0.000,,,,,,,,,,,,,,,,,,,,,,,
31/1/2024,20.25,0.2472,8.9,1.1300,40.5000,-1.227009259,21.2899,-0.460,,,,,,,,,,,,,,,,,,,,,,,
1/2/2024,21.65,6.6851,8.6,-3.4289,41.3000,1.956052585,21.5351,1.145,,,,,,,,,,,,,,,,,,,,,,,
2/2/2024,21.7,0.2307,8.6,0.0000,41.0000,-0.729043326,21.437,-0.457,,,,,,,,,,,,,,,,,,,,,,,
5/2/2024,21.85,0.6889,8.6,0.0000,41.1000,0.24360548,21.6333,0.912,,,,,,,,,,,,,,,,,,,,,,,
6/2/2024,21.75,-0.4587,8.7,1.1561,41.1000,0,21.5842,-0.227,,,,,,,,,,,,,,,,,,,,,,,
7/2/2024,21.85,0.4587,8.7,0.0000,41.2000,0.243013485,21.7804,0.905,,,,,,,,,,,,,,,,,,,,,,,
15/2/2024,21.55,-1.3825,8.7,0.0000,41.3000,0.242424361,21.8295,0.225,,,,,,,,,,,,,,,,,,,,,,,
16/2/2024,21.7,0.6936,8.7,0.0000,42.5000,2.864157596,22.2219,1.782,,,,,,,,,,,,,,,,,,,,,,,
19/2/2024,21.55,-0.6936,8.7,0.0000,43.2000,1.633641932,22.6144,1.751,,,,,,,,,,,,,,,,,,,,,,,
20/2/2024,21.15,-1.8736,8.7,0.0000,42.8000,-0.930239266,22.271,-1.530,,,,,,,,,,,,,,,,,,,,,,,
21/2/2024,21.5,1.6413,8.8,1.1429,42.5000,-0.703402666,22.5653,1.313,,,,,,,,,,,,,,,,,,,,,,,
22/2/2024,21.4,-0.4662,8.8,0.0000,42.2000,-0.708385489,22.4672,-0.436,,,,,,,,,,,,,,,,,,,,,,,
23/2/2024,20.9,-2.3642,9,2.2473,42.0000,-0.475060276,22.1238,-1.540,,,,,,,,,,,,,,,,,,,,,,,
26/2/2024,21.6,3.2944,9,0.0000,42.1000,0.23781224,22.1729,0.222,,,,,,,,,,,,,,,,,,,,,,,
27/2/2024,22.35,3.4133,8.7,-3.3902,42.5000,0.945633524,22.5653,1.754,,,,,,,,,,,,,,,,,,,,,,,
28/2/2024,22.2,-0.6734,8.7,0.0000,42.5000,0,22.7615,0.866,,,,,,,,,,,,,,,,,,,,,,,
29/2/2024,21.7,-2.2780,8.7,0.0000,42.9000,0.936775,22.5653,-0.866,,,,,,,,,,,,,,,,,,,,,,,
1/3/2024,22.6,4.0638,8.7,0.0000,42.8000,-0.233372335,22.7125,0.650,,,,,,,,,,,,,,,,,,,,,,,
4/3/2024,22.4,-0.8889,8.7,0.0000,43.2000,0.930239266,22.9087,0.860,,,,,,,,,,,,,,,,,,,,,,,
5/3/2024,22,-1.8019,8.5,-2.3257,43.3000,0.231213976,23.0068,0.427,,,,,,,,,,,,,,,,,,,,,,,
6/3/2024,21.55,-2.0667,8.5,0.0000,43.3000,0,22.6634,-1.504,,,,,,,,,,,,,,,,,,,,,,,
7/3/2024,21.65,0.4630,9.3,8.9948,44.9000,3.628515974,22.9577,1.290,,,,,,,,,,,,,,,,,,,,,,,
8/3/2024,21.8,0.6905,9.1,-2.1740,44.5000,-0.894860558,22.9577,0.000,,,,,,,,,,,,,,,,,,,,,,,
11/3/2024,22.3,2.2677,9.9,8.4260,43.4000,-2.502974807,22.7125,-1.074,,,,,,,,,,,,,,,,,,,,,,,
12/3/2024,23.85,6.7198,10.7,7.7709,43.4000,0,22.7125,0.000,,,,,,,,,,,,,,,,,,,,,,,
13/3/2024,24.25,1.6632,11.5,7.2103,44.0000,1.373019281,22.7615,0.216,,,,,,,,,,,,,,,,,,,,,,,
14/3/2024,23.2,-4.4264,12.3,6.7252,43.7000,-0.684153182,23.3502,2.554,,,,,,,,,,,,,,,,,,,,,,,
15/3/2024,23.85,2.7632,11.1,-10.2654,43.1000,-1.382510499,23.9879,2.694,,,,,,,,,,,,,,,,,,,,,,,
18/3/2024,23.4,-1.9048,10,-10.4360,42.0000,-2.585337883,23.3502,-2.694,,,,,,,,,,,,,,,,,,,,,,,
19/3/2024,23.9,2.1142,9.5,-5.1293,42.0000,0,22.9577,-1.695,,,,,,,,,,,,,,,,,,,,,,,
20/3/2024,23.7,-0.8403,10.4,9.0514,42.3000,0.711746777,23.2521,1.274,,,,,,,,,,,,,,,,,,,,,,,
21/3/2024,23.6,-0.4228,10.4,0.0000,42.8000,1.175101654,23.3992,0.631,,,,,,,,,,,,,,,,,,,,,,,
22/3/2024,23.45,-0.6376,10,-3.9221,42.5000,-0.703402666,23.7426,1.457,,,,,,,,,,,,,,,,,,,,,,,
25/3/2024,23.05,-1.7205,10.3,2.9559,42.8000,0.703402666,23.8407,0.412,,,,,,,,,,,,,,,,,,,,,,,
26/3/2024,22.85,-0.8715,10.3,0.0000,42.9000,0.233372335,24.086,1.024,,,,,,,,,,,,,,,,,,,,,,,
27/3/2024,23.6,3.2296,9.7,-6.0018,43.3000,0.928080907,24.2822,0.811,,,,,,,,,,,,,,,,,,,,,,,
28/3/2024,23.3,-1.2793,9.8,1.0257,43.3000,0,24.1351,-0.608,,,,,,,,,,,,,,,,,,,,,,,
29/3/2024,23.65,1.4910,9.8,0.0000,42.8000,-1.161453242,24.1351,0.000,,,,,,,,,,,,,,,,,,,,,,,
1/4/2024,24.15,2.0921,9.5,-3.1091,42.4000,-0.938974035,23.9879,-0.612,,,,,,,,,,,,,,,,,,,,,,,
2/4/2024,24.2,0.2068,9.2,-3.2088,42.4000,0,24.1351,0.612,,,,,,,,,,,,,,,,,,,,,,,
3/4/2024,24.3,0.4124,9.1,-1.0929,42.3000,-0.236127619,23.9388,-0.817,,,,,,,,,,,,,,,,,,,,,,,
4/4/2024,23.8,-2.0791,9.1,0.0000,42.1000,-0.473934536,23.7917,-0.616,,,,,,,,,,,,,,,,,,,,,,,
5/4/2024,23.15,-2.7691,9.2,1.0929,41.7000,-0.954661188,23.3992,-1.663,,,,,,,,,,,,,,,,,,,,,,,
8/4/2024,22.25,-3.9653,9.1,-1.0929,41.6000,-0.240096154,23.1049,-1.266,,,,,,,,,,,,,,,,,,,,,,,
9/4/2024,22.85,2.6609,9.1,0.0000,41.6000,0,23.3011,0.846,,,,,,,,,,,,,,,,,,,,,,,
10/4/2024,22.6,-1.1001,8.9,-2.2223,41.6000,0,23.1049,-0.846,,,,,,,,,,,,,,,,,,,,,,,
11/4/2024,22.75,0.6615,9,1.1173,41.5000,-0.240674003,23.1049,0.000,,,,,,,,,,,,,,,,,,,,,,,
12/4/2024,22.8,0.2195,9,0.0000,41.9000,0.959239969,23.203,0.424,,,,,,,,,,,,,,,,,,,,,,,
15/4/2024,21.4,-6.3370,9,0.0000,39.7000,-5.393463923,22.3691,-3.660,,,,,,,,,,,,,,,,,,,,,,,
16/4/2024,21,-1.8868,8.5,-5.7158,39.4000,-0.758537139,21.9766,-1.770,,,,,,,,,,,,,,,,,,,,,,,
17/4/2024,21.2,0.9479,8.5,0.0000,38.6000,-2.051353983,22.1729,0.889,,,,,,,,,,,,,,,,,,,,,,,
19/4/2024,21,-0.9479,9,5.7158,38.5000,-0.259403518,22.4181,1.100,,,,,,,,,,,,,,,,,,,,,,,
22/4/2024,21.2,0.9479,9,0.0000,39.6000,2.817087697,22.4672,0.219,,,,,,,,,,,,,,,,,,,,,,,
23/4/2024,20,-5.8269,9,0.0000,39.3000,-0.760459939,22.5653,0.436,,,,,,,,,,,,,,,,,,,,,,,
24/4/2024,21.4,6.7659,8.5,-5.7158,39.6000,0.760459939,22.7125,0.650,,,,,,,,,,,,,,,,,,,,,,,
25/4/2024,21.4,0.0000,8.5,0.0000,39.3000,-0.760459939,22.5653,-0.650,,,,,,,,,,,,,,,,,,,,,,,
26/4/2024,21.95,2.5376,8.5,0.0000,39.5000,0.507615303,22.5653,0.000,,,,,,,,,,,,,,,,,,,,,,,
2/5/2024,21.8,-0.6857,8.5,0.0000,40.1000,1.507566241,22.5653,0.000,,,,,,,,,,,,,,,,,,,,,,,
3/5/2024,21.6,-0.9217,8.5,0.0000,40.0000,-0.24968802,22.5653,0.000,,,,,,,,,,,,,,,,,,,,,,,
6/5/2024,22,1.8349,8.5,0.0000,40.6000,1.488861249,23.0559,2.151,,,,,,,,,,,,,,,,,,,,,,,
7/5/2024,23.05,4.6623,8.6,1.1696,41.4000,1.951281422,23.6445,2.521,,,,,,,,,,,,,,,,,,,,,,,
8/5/2024,24,4.0388,8.6,0.0000,41.1000,-0.727275933,23.3011,-1.463,,,,,,,,,,,,,,,,,,,,,,,
9/5/2024,23.7,-1.2579,8.6,0.0000,41.0000,-0.24360548,23.3011,0.000,,,,,,,,,,,,,,,,,,,,,,,
10/5/2024,25.35,6.7304,8.6,0.0000,40.7000,-0.734397426,23.3011,0.000,,,,,,,,,,,,,,,,,,,,,,,
13/5/2024,25.7,1.3712,9.3,7.8252,40.5000,-0.492611834,23.154,-0.633,,,,,,,,,,,,,,,,,,,,,,,
14/5/2024,27.2,5.6726,9.9,6.2520,40.4000,-0.247218915,23.154,0.000,,,,,,,,,,,,,,,,,,,,,,,
15/5/2024,27.1,-0.3683,9.8,-1.0152,40.6000,0.493828164,23.0559,-0.425,,,,,,,,,,,,,,,,,,,,,,,
16/5/2024,26.8,-1.1132,10,2.0203,40.8000,0.49140148,23.154,0.425,,,,,,,,,,,,,,,,,,,,,,,
17/5/2024,26.8,0.0000,9.1,-9.4311,40.9000,0.244798164,23.154,0.000,,,,,,,,,,,,,,,,,,,,,,,
20/5/2024,27.1,1.1132,9.5,4.3017,42.4000,3.601829919,24.4294,5.362,,,,,,,,,,,,,,,,,,,,,,,
21/5/2024,27.55,1.6469,9.5,0.0000,42.2000,-0.47281412,24.3803,-0.201,,,,,,,,,,,,,,,,,,,,,,,
22/5/2024,27.3,-0.9116,9.5,0.0000,41.7000,-1.191909224,23.9879,-1.623,,,,,,,,,,,,,,,,,,,,,,,
23/5/2024,28.6,4.6520,9.8,3.1091,44.6000,6.723273022,25.6558,6.722,,,,,,,,,,,,,,,,,,,,,,,
24/5/2024,27.45,-4.1041,9.2,-6.3179,44.6000,0,25.5086,-0.575,,,,,,,,,,,,,,,,,,,,,,,
27/5/2024,27.6,0.5450,9.2,0.0000,46.4000,3.956560021,26.5878,4.144,,,,,,,,,,,,,,,,,,,,,,,
28/5/2024,28,1.4389,9.1,-1.0929,47.0000,1.284814248,27.0784,1.828,,,,,,,,,,,,,,,,,,,,,,,
29/5/2024,27.5,-1.8019,9.1,0.0000,45.6000,-3.023988519,26.3916,-2.569,,,,,,,,,,,,,,,,,,,,,,,
30/5/2024,27.9,1.4441,9.1,0.0000,45.0000,-1.324522675,26.3916,0.000,,,,,,,,,,,,,,,,,,,,,,,
31/5/2024,27.8,-0.3591,9.1,0.0000,44.9000,-0.222469502,26.0973,-1.121,,,,,,,,,,,,,,,,,,,,,,,
3/6/2024,28.4,2.1353,9.1,0.0000,45.4000,1.10743103,26.1954,0.375,,,,,,,,,,,,,,,,,,,,,,,
4/6/2024,28.45,0.1759,9.6,5.3489,45.9000,1.095301202,26.4897,1.117,,,,,,,,,,,,,,,,,,,,,,,
5/6/2024,28,-1.5944,9.7,1.0363,47.3000,3.004517843,26.8821,1.470,,,,,,,,,,,,,,,,,,,,,,,
6/6/2024,27.5,-1.8019,10.1,4.0410,46.5000,-1.70579829,26.3916,-1.841,,,,,,,,,,,,,,,,,,,,,,,
7/6/2024,27.3,-0.7299,11.1,9.4410,46.4000,-0.215285336,26.0973,-1.121,,,,,,,,,,,,,,,,,,,,,,,
10/6/2024,27.2,-0.3670,12.2,9.4491,46.3000,-0.215749814,25.901,-0.755,,,,,,,,,,,,,,,,,,,,,,,
11/6/2024,28.35,4.1410,11,-10.3541,45.7000,-1.304366319,25.25,-2.546,,,,,,,,,,,,,,,,,,,,,,,
12/6/2024,28.2,-0.5305,10,-9.5310,46.2000,1.088150019,25.75,1.961,,,,,,,,,,,,,,,,,,,,,,,
13/6/2024,28.7,1.7575,10,0.0000,45.8000,-0.869570697,25.75,0.000,,,,,,,,,,,,,,,,,,,,,,,
14/6/2024,29.2,1.7272,10.6,5.8269,44.5000,-2.879490195,25.2,-2.159,,,,,,,,,,,,,,,,,,,,,,,
17/6/2024,28.4,-2.7780,10.3,-2.8710,44.3000,-0.450451212,25.6,1.575,,,,,,,,,,,,,,,,,,,,,,,
18/6/2024,27.8,-2.1353,10.9,5.6619,45.4000,2.4527428,25.6,0.000,,,,,,,,,,,,,,,,,,,,,,,
19/6/2024,28.4,2.1353,11.8,7.9337,45.8000,0.877198607,25.65,0.195,,,,,,,,,,,,,,,,,,,,,,,
20/6/2024,28.1,-1.0620,12.9,8.9128,45.3000,-1.097705863,26.5,3.260,,,,,,,,,,,,,,,,,,,,,,,
21/6/2024,29.05,3.3249,14.1,8.8947,45.2000,-0.220994565,26.5,0.000,,,,,,,,,,,,,,,,,,,,,,,
24/6/2024,27.2,-6.5802,14.8,4.8452,44.5000,-1.560789767,25,-5.827,,,,,,,,,,,,,,,,,,,,,,,
25/6/2024,26.45,-2.7961,13.4,-9.9372,44.8000,0.671895025,24.75,-1.005,,,,,,,,,,,,,,,,,,,,,,,
26/6/2024,25.8,-2.4882,12.1,-10.2049,44.8000,0,25.5,2.985,,,,,,,,,,,,,,,,,,,,,,,
27/6/2024,25.8,0.0000,12.3,1.6394,46.0000,2.643325707,25.8,1.170,,,,,,,,,,,,,,,,,,,,,,,
28/6/2024,24.15,-6.6090,11.2,-9.3685,46.0000,0,25.05,-2.950,,,,,,,,,,,,,,,,,,,,,,,
1/7/2024,24.65,2.0493,10.7,-4.5670,46.4000,0.865806274,25.4,1.388,,,,,,,,,,,,,,,,,,,,,,,
2/7/2024,24.8,0.6067,10,-6.7659,47.6000,2.553330201,25.9,1.949,,,,,,,,,,,,,,,,,,,,,,,
3/7/2024,24.8,0.0000,10,0.0000,47.0000,-1.268515953,25.8,-0.387,,,,,,,,,,,,,,,,,,,,,,,
4/7/2024,25.5,2.7835,10.5,4.8790,46.9000,-0.212992626,26.1,1.156,,,,,,,,,,,,,,,,,,,,,,,
5/7/2024,25.1,-1.5811,10.5,0.0000,46.4000,-1.071821622,26.1,0.000,,,,,,,,,,,,,,,,,,,,,,,
8/7/2024,24.8,-1.2024,10.2,-2.8988,46.3000,-0.215749814,26.5,1.521,,,,,,,,,,,,,,,,,,,,,,,
9/7/2024,25.6,3.1749,10,-1.9803,47.5000,2.558774995,26.45,-0.189,,,,,,,,,,,,,,,,,,,,,,,
10/7/2024,25.8,0.7782,10.4,3.9221,46.6000,-1.912916991,26.25,-0.759,,,,,,,,,,,,,,,,,,,,,,,
11/7/2024,26,0.7722,10,-3.9221,46.1000,-1.078759113,26.05,-0.765,,,,,,,,,,,,,,,,,,,,,,,
12/7/2024,25.7,-1.1606,10,0.0000,45.5000,-1.310062405,26.55,1.901,,,,,,,,,,,,,,,,,,,,,,,
15/7/2024,25.35,-1.3712,9.8,-2.0203,46.1000,1.310062405,26.6,0.188,,,,,,,,,,,,,,,,,,,,,,,
16/7/2024,25,-1.3903,9.5,-3.1091,46.5000,0.863936259,26.8,0.749,,,,,,,,,,,,,,,,,,,,,,,
17/7/2024,23.25,-7.2571,9.4,-1.0582,46.4000,-0.215285336,25.25,-5.958,,,,,,,,,,,,,,,,,,,,,,,
18/7/2024,24.1,3.5907,10.1,7.1826,47.0000,1.284814248,25.95,2.735,,,,,,,,,,,,,,,,,,,,,,,
19/7/2024,23.5,-2.5211,9.9,-2.0001,45.8000,-2.586351059,25.2,-2.933,,,,,,,,,,,,,,,,,,,,,,,
22/7/2024,23.1,-1.7168,9.3,-6.2520,44.8000,-2.20759517,24.1,-4.463,,,,,,,,,,,,,,,,,,,,,,,
23/7/2024,22.6,-2.1883,9.3,0.0000,43.5000,-2.944720133,24.05,-0.208,,,,,,,,,,,,,,,,,,,,,,,
24/7/2024,23.5,3.9051,9,-3.2790,42.5000,-2.325686216,24.2,0.622,,,,,,,,,,,,,,,,,,,,,,,
25/7/2024,23.6,0.4246,9.3,3.2790,43.2000,1.633641932,24.1,-0.414,,,,,,,,,,,,,,,,,,,,,,,
26/7/2024,23.55,-0.2121,9.5,2.1277,43.2000,0,24.35,1.032,,,,,,,,,,,,,,,,,,,,,,,
29/7/2024,24.3,3.1351,9.5,0.0000,43.4000,0.461894586,24.5,0.614,,,,,,,,,,,,,,,,,,,,,,,
30/7/2024,24.1,-0.8265,9.5,0.0000,43.0000,-0.925932541,24.45,-0.204,,,,,,,,,,,,,,,,,,,,,,,
31/7/2024,24.05,-0.2077,9.5,0.0000,43.6000,1.385703466,24.45,0.000,,,,,,,,,,,,,,,,,,,,,,,
1/8/2024,22.5,-6.6620,8.8,-7.6540,42.8000,-1.851904777,23.6,-3.538,,,,,,,,,,,,,,,,,,,,,,,
2/8/2024,23.4,3.9221,8.8,0.0000,43.5000,1.622283551,23.8,0.844,,,,,,,,,,,,,,,,,,,,,,,
5/8/2024,21.85,-6.8535,8.8,0.0000,41.9000,-3.747511117,22.7,-4.732,,,,,,,,,,,,,,,,,,,,,,,
6/8/2024,22.4,2.4860,8.8,0.0000,42.4000,1.186253531,23.25,2.394,,,,,,,,,,,,,,,,,,,,,,,
7/8/2024,22.5,0.4454,8.6,-2.2990,42.3000,-0.236127619,23.3,0.215,,,,,,,,,,,,,,,,,,,,,,,
8/8/2024,22.55,0.2220,8.6,0.0000,42.6000,0.706716722,23.35,0.214,,,,,,,,,,,,,,,,,,,,,,,
9/8/2024,23.4,3.7001,8.7,1.1561,43.3000,1.629838173,23.35,0.000,,,,,,,,,,,,,,,,,,,,,,,
12/8/2024,23.75,1.4847,8.4,-3.5091,43.3000,0,23.5,0.640,,,,,,,,,,,,,,,,,,,,,,,
13/8/2024,23.75,0.0000,8.4,0.0000,42.8000,-1.161453242,23.6,0.425,,,,,,,,,,,,,,,,,,,,,,,
14/8/2024,23,-3.2088,8.5,1.1834,43.3000,1.161453242,23.6,0.000,,,,,,,,,,,,,,,,,,,,,,,
15/8/2024,22.2,-3.5402,8.2,-3.5932,42.8000,-1.161453242,24.3,2.923,,,,,,,,,,,,,,,,,,,,,,,
16/8/2024,23.4,5.2644,8.5,3.5932,44.0000,2.765153133,24.55,1.024,,,,,,,,,,,,,,,,,,,,,,,
19/8/2024,23.85,1.9048,8.4,-1.1834,44.5000,1.129955525,24.55,0.000,,,,,,,,,,,,,,,,,,,,,,,
20/8/2024,24,0.6270,8.6,2.3530,44.5000,0,24.8,1.013,,,,,,,,,,,,,,,,,,,,,,,
21/8/2024,24.2,0.8299,8.7,1.1561,44.7000,0.448431245,24.7,-0.404,,,,,,,,,,,,,,,,,,,,,,,
22/8/2024,24.5,1.2320,8.9,2.2728,44.8000,0.22346378,25.05,1.407,,,,,,,,,,,,,,,,,,,,,,,
23/8/2024,24.9,1.6195,8.9,0.0000,46.3000,3.293382167,25.05,0.000,,,,,,,,,,,,,,,,,,,,,,,
26/8/2024,24.25,-2.6451,9,1.1173,45.8000,-1.085786997,24.4,-2.629,,,,,,,,,,,,,,,,,,,,,,,
27/8/2024,23.9,-1.4538,8.9,-1.1173,45.6000,-0.43763746,24.6,0.816,,,,,,,,,,,,,,,,,,,,,,,
28/8/2024,23.7,-0.8403,8.7,-2.2728,45.2000,-0.881062968,24.4,-0.816,,,,,,,,,,,,,,,,,,,,,,,
29/8/2024,23.7,0.0000,8.4,-3.5091,45.4000,0.441501821,24.25,-0.617,,,,,,,,,,,,,,,,,,,,,,,
30/8/2024,24,1.2579,8.4,0.0000,45.5000,0.220022091,24.25,0.000,,,,,,,,,,,,,,,,,,,,,,,
4/9/2024,24,0.0000,8.4,0.0000,44.7000,-1.773882434,23.95,-1.245,,,,,,,,,,,,,,,,,,,,,,,
5/9/2024,23.5,-2.1053,8.5,1.1834,44.7000,0,23.8,-0.628,,,,,,,,,,,,,,,,,,,,,,,
6/9/2024,23.8,1.2685,8.4,-1.1834,44.8000,0.22346378,23.8,0.000,,,,,,,,,,,,,,,,,,,,,,,
9/9/2024,23.3,-2.1232,8.5,1.1834,44.0000,-1.80185055,23.6,-0.844,,,,,,,,,,,,,,,,,,,,,,,
10/9/2024,23.15,-0.6459,8.5,0.0000,43.3000,-1.603699891,23.4,-0.851,,,,,,,,,,,,,,,,,,,,,,,
11/9/2024,23.4,1.0741,8.5,0.0000,43.1000,-0.46296379,22.95,-1.942,,,,,,,,,,,,,,,,,,,,,,,
12/9/2024,23.55,0.6390,8.5,0.0000,42.9000,-0.465117118,22.5,-1.980,,,,,,,,,,,,,,,,,,,,,,,
13/9/2024,24,1.8928,8.4,-1.1834,42.8000,-0.233372335,22.85,1.544,,,,,,,,,,,,,,,,,,,,,,,
16/9/2024,23.8,-0.8368,8.3,-1.1976,42.7000,-0.233918235,22.5,-1.544,,,,,,,,,,,,,,,,,,,,,,,
17/9/2024,23.8,0.0000,8.5,2.3811,42.9000,0.46729057,22.6,0.443,,,,,,,,,,,,,,,,,,,,,,,
18/9/2024,24.5,2.8988,8.4,-1.1834,42.9000,0,22.75,0.662,,,,,,,,,,,,,,,,,,,,,,,
19/9/2024,24.45,-0.2043,8.4,0.0000,42.9000,0,22.8,0.220,,,,,,,,,,,,,,,,,,,,,,,
20/9/2024,24.6,0.6116,8.9,5.7820,43.1000,0.465117118,22.8,0.000,,,,,,,,,,,,,,,,,,,,,,,
23/9/2024,24.25,-1.4330,8.8,-1.1300,43.8000,1.611082027,22.7,-0.440,,,,,,,,,,,,,,,,,,,,,,,
24/9/2024,24.4,0.6167,8.8,0.0000,43.7000,-0.228571528,22.8,0.440,,,,,,,,,,,,,,,,,,,,,,,
25/9/2024,24.4,0.0000,8.8,0.0000,43.4000,-0.6888661,22.8,0.000,,,,,,,,,,,,,,,,,,,,,,,
26/9/2024,24.45,0.2047,8.5,-3.4686,43.3000,-0.23068061,22.75,-0.220,,,,,,,,,,,,,,,,,,,,,,,
27/9/2024,24.5,0.2043,8.9,4.5985,43.3000,0,22.75,0.000,,,,,,,,,,,,,,,,,,,,,,,
30/9/2024,24.8,1.2171,8.3,-6.9796,42.9000,-0.928080907,22.75,0.000,,,,,,,,,,,,,,,,,,,,,,,
1/10/2024,25.3,1.9961,8.5,2.3811,43.4000,1.158761517,23.95,5.140,,,,,,,,,,,,,,,,,,,,,,,
2/10/2024,25.15,-0.5946,8.6,1.1696,43.2000,-0.461894586,23.4,-2.323,,,,,,,,,,,,,,,,,,,,,,,
3/10/2024,24.9,-0.9990,8.5,-1.1696,42.9000,-0.696866932,21.3,-9.403,,,,,,,,,,,,,,,,,,,,,,,
4/10/2024,24.45,-1.8238,8.5,0.0000,42.9000,0,21.55,1.167,,,,,,,,,,,,,,,,,,,,,,,
7/10/2024,23.95,-2.0662,8.3,-2.3811,43.0000,0.232828976,21.5,-0.232,,,,,,,,,,,,,,,,,,,,,,,
8/10/2024,24.2,1.0384,8.4,1.1976,43.0000,0,21.5,0.000,,,,,,,,,,,,,,,,,,,,,,,
9/10/2024,24.45,1.0278,8.7,3.5091,43.3000,0.695251931,21.5,0.000,,,,,,,,,,,,,,,,,,,,,,,
10/10/2024,25.1,2.6238,8.6,-1.1561,43.9000,1.376168507,21.35,-0.700,,,,,,,,,,,,,,,,,,,,,,,
11/10/2024,25.15,0.1990,8.5,-1.1696,44.1000,0.454546237,21.2,-0.705,,,,,,,,,,,,,,,,,,,,,,,
14/10/2024,24.95,-0.7984,8.3,-2.3811,44.0000,-0.227014853,21.3,0.471,,,,,,,,,,,,,,,,,,,,,,,
15/10/2024,24.65,-1.2097,8.6,3.5507,43.7000,-0.684153182,21.2,-0.471,,,,,,,,,,,,,,,,,,,,,,,
16/10/2024,24.6,-0.2030,8.5,-1.1696,43.8000,0.228571528,21,-0.948,,,,,,,,,,,,,,,,,,,,,,,
17/10/2024,24.8,0.8097,8.5,0.0000,44.0000,0.455581654,20.95,-0.238,,,,,,,,,,,,,,,,,,,,,,,
18/10/2024,24.9,0.4024,8.5,0.0000,44.0000,0,21,0.238,,,,,,,,,,,,,,,,,,,,,,,
21/10/2024,24.7,-0.8065,8.3,-2.3811,43.8000,-0.455581654,21,0.000,,,,,,,,,,,,,,,,,,,,,,,
22/10/2024,24.2,-2.0451,8.4,1.1976,43.2000,-1.379332213,20.65,-1.681,,,,,,,,,,,,,,,,,,,,,,,
23/10/2024,24.15,-0.2068,8.5,1.1834,43.3000,0.231213976,20.7,0.242,,,,,,,,,,,,,,,,,,,,,,,
24/10/2024,23.85,-1.2500,8.5,0.0000,43.5000,0.460830309,20.45,-1.215,,,,,,,,,,,,,,,,,,,,,,,
25/10/2024,23.85,0.0000,8.5,0.0000,43.4000,-0.230149699,20,-2.225,,,,,,,,,,,,,,,,,,,,,,,
28/10/2024,23.75,-0.4202,8.1,-4.8202,43.2000,-0.461894586,20.9,4.402,,,,,,,,,,,,,,,,,,,,,,,
29/10/2024,24.15,1.6702,8.1,0.0000,43.3000,0.231213976,21.5,2.830,,,,,,,,,,,,,,,,,,,,,,,
30/10/2024,24.95,3.2589,8.2,1.2270,43.0000,-0.695251931,21.25,-1.170,,,,,,,,,,,,,,,,,,,,,,,
31/10/2024,25,0.2002,8.2,0.0000,43.0000,0,21.2,-0.236,,,,,,,,,,,,,,,,,,,,,,,
1/11/2024,25.1,0.3992,8.1,-1.2270,43.6000,1.385703466,20.95,-1.186,,,,,,,,,,,,,,,,,,,,,,,
4/11/2024,25.25,0.5958,8.1,0.0000,43.8000,0.457666703,20.8,-0.719,,,,,,,,,,,,,,,,,,,,,,,
5/11/2024,25.45,0.7890,8.2,1.2270,44.0000,0.455581654,20.8,0.000,,,,,,,,,,,,,,,,,,,,,,,
6/11/2024,25.7,0.9775,8.2,0.0000,44.2000,0.453515517,20.9,0.480,,,,,,,,,,,,,,,,,,,,,,,
7/11/2024,26.15,1.7358,8.5,3.5932,43.9000,-0.6810469,20.75,-0.720,,,,,,,,,,,,,,,,,,,,,,,
8/11/2024,26.35,0.7619,9,5.7158,45.2000,2.918276676,20.85,0.481,,,,,,,,,,,,,,,,,,,,,,,
11/11/2024,26.4,0.1896,9,0.0000,45.8000,1.318700428,20.5,-1.693,,,,,,,,,,,,,,,,,,,,,,,
12/11/2024,26.25,-0.5698,8.3,-8.0969,45.2000,-1.318700428,20.5,0.000,,,,,,,,,,,,,,,,,,,,,,,
13/11/2024,26.9,2.4460,8.8,5.8496,45.2000,0,20.3,-0.980,,,,,,,,,,,,,,,,,,,,,,,
14/11/2024,27,0.3711,8.5,-3.4686,44.4000,-1.78576174,20.2,-0.494,,,,,,,,,,,,,,,,,,,,,,,
15/11/2024,26.5,-1.8692,8.5,0.0000,44.4000,0,20.3,0.494,,,,,,,,,,,,,,,,,,,,,,,
18/11/2024,25.8,-2.6770,8.2,-3.5932,43.8000,-1.360565206,20.35,0.246,,,,,,,,,,,,,,,,,,,,,,,
19/11/2024,24.75,-4.1549,8.2,0.0000,43.5000,-0.687287929,20.25,-0.493,,,,,,,,,,,,,,,,,,,,,,,
20/11/2024,25.1,1.4042,8.2,0.0000,43.6000,0.229621226,20.15,-0.495,,,,,,,,,,,,,,,,,,,,,,,
21/11/2024,25.15,0.1990,8.4,2.4098,44.2000,1.366763873,20.2,0.248,,,,,,,,,,,,,,,,,,,,,,,
22/11/2024,25.2,0.1986,8.3,-1.1976,44.2000,0,20.15,-0.248,,,,,,,,,,,,,,,,,,,,,,,
25/11/2024,25.2,0.0000,8.3,0.0000,44.3000,0.225988797,20.55,1.966,,,,,,,,,,,,,,,,,,,,,,,
26/11/2024,25.45,0.9872,8.5,2.3811,44.3000,0,20.5,-0.244,,,,,,,,,,,,,,,,,,,,,,,
27/11/2024,25.5,0.1963,8.4,-1.1834,44.5000,0.450451212,20.5,0.000,,,,,,,,,,,,,,,,,,,,,,,
28/11/2024,25.6,0.3914,8.5,1.1834,44.4000,-0.224971973,20.35,-0.734,,,,,,,,,,,,,,,,,,,,,,,
29/11/2024,26.2,2.3167,8.5,0.0000,47.5000,6.74902416,21.25,4.328,,,,,,,,,,,,,,,,,,,,,,,
2/12/2024,26.45,0.9497,8.5,0.0000,49.0000,3.109058707,20.85,-1.900,,,,,,,,,,,,,,,,,,,,,,,
3/12/2024,26.8,1.3146,8.5,0.0000,52.1000,6.134465065,21.5,3.070,,,,,,,,,,,,,,,,,,,,,,,
4/12/2024,26.1,-2.6467,8.4,-1.1834,52.0000,-0.192123018,21.15,-1.641,,,,,,,,,,,,,,,,,,,,,,,
5/12/2024,26.9,3.0191,8.4,0.0000,51.9000,-0.192492841,21.3,0.707,,,,,,,,,,,,,,,,,,,,,,,
6/12/2024,26.6,-1.1215,8.4,0.0000,52.0000,0.192492841,21.25,-0.235,,,,,,,,,,,,,,,,,,,,,,,
9/12/2024,26.6,0.0000,8.3,-1.1976,51.7000,-0.578593707,21.2,-0.236,,,,,,,,,,,,,,,,,,,,,,,
10/12/2024,26.6,0.0000,8.4,1.1976,52.6000,1.725833823,21.15,-0.236,,,,,,,,,,,,,,,,,,,,,,,
11/12/2024,27.45,3.1455,8.5,1.1834,52.2000,-0.763362486,21.1,-0.237,,,,,,,,,,,,,,,,,,,,,,,
12/12/2024,27.45,0.0000,8.4,-1.1834,52.9000,1.332084398,20.85,-1.192,,,,,,,,,,,,,,,,,,,,,,,
13/12/2024,27.05,-1.4679,8.3,-1.1976,53.2000,0.565505748,21,0.717,,,,,,,,,,,,,,,,,,,,,,,
16/12/2024,27.1,0.1847,8.3,0.0000,52.3000,-1.706202528,20.85,-0.717,,,,,,,,,,,,,,,,,,,,,,,
17/12/2024,27.2,0.3683,8.2,-1.2121,52.1000,-0.383142231,20.85,0.000,,,,,,,,,,,,,,,,,,,,,,,
18/12/2024,27.4,0.7326,8.2,0.0000,52.2000,0.191754613,20.9,0.240,,,,,,,,,,,,,,,,,,,,,,,
19/12/2024,27.75,1.2693,8.2,0.0000,52.4000,0.382409644,20.9,0.000,,,,,,,,,,,,,,,,,,,,,,,
20/12/2024,27.95,0.7181,8.2,0.0000,51.2000,-2.316705928,21.4,2.364,,,,,,,,,,,,,,,,,,,,,,,
23/12/2024,28,0.1787,8.5,3.5932,53.1000,3.64373962,21.95,2.538,,,,,,,,,,,,,,,,,,,,,,,
24/12/2024,27.9,-0.3578,8.2,-3.5932,52.8000,-0.566573754,21.5,-2.071,,,,,,,,,,,,,,,,,,,,,,,
25/12/2024,27.95,0.1791,8.3,1.2121,53.6000,1.503787736,21.6,0.464,,,,,,,,,,,,,,,,,,,,,,,
26/12/2024,27.9,-0.1791,8.4,1.1976,52.6000,-1.883294833,21.75,0.692,,,,,,,,,,,,,,,,,,,,,,,
27/12/2024,26.95,-3.4643,8.3,-1.1976,52.3000,-0.571974867,21.45,-1.389,,,,,,,,,,,,,,,,,,,,,,,
30/12/2024,26.95,0.0000,8.2,-1.2121,52.0000,-0.575265249,21.25,-0.937,,,,,,,,,,,,,,,,,,,,,,,
31/12/2024,26.9,-0.1857,8.1,-1.2270,50.7000,-2.531780798,21,-1.183,,,,,,,,,,,,,,,,,,,,,,,
,,,,,,,,,,,,,,,,,,,,,,,,,,,,,,,
,,,,,,,,,,,,,,,,,,,,,,,,,,,,,,,
,,,,,,,,,,,,,,,,,,,,,,,,,,,,,,,
,,,,,,,,,,,,,,,,,,,,,,,,,,,,,,,
,,,,,,,,,,,,,,,,,,,,,,,,,,,,,,,
,,,,,,,,,,,,,,,,,,,,,,,,,,,,,,,
,,,,,,,,,,,,,,,,,,,,,,,,,,,,,,,
,,,,,,,,,,,,,,,,,,,,,,,,,,,,,,,
,,,,,,,,,,,,,,,,,,,,,,,,,,,,,,,
,,,,,,,,,,,,,,,,,,,,,,,,,,,,,,,
,,,,,,,,,,,,,,,,,,,,,,,,,,,,,,,
,,,,,,,,,,,,,,,,,,,,,,,,,,,,,,,
,,,,,,,,,,,,,,,,,,,,,,,,,,,,,,,
,,,,,,,,,,,,,,,,,,,,,,,,,,,,,,,
,,,,,,,,,,,,,,,,,,,,,,,,,,,,,,,
,,,,,,,,,,,,,,,,,,,,,,,,,,,,,,,
,,,,,,,,,,,,,,,,,,,,,,,,,,,,,,,
,,,,,,,,,,,,,,,,,,,,,,,,,,,,,,,
,,,,,,,,,,,,,,,,,,,,,,,,,,,,,,,
,,,,,,,,,,,,,,,,,,,,,,,,,,,,,,,
,,,,,,,,,,,,,,,,,,,,,,,,,,,,,,,
,,,,,,,,,,,,,,,,,,,,,,,,,,,,,,,
,,,,,,,,,,,,,,,,,,,,,,,,,,,,,,,
,,,,,,,,,,,,,,,,,,,,,,,,,,,,,,,
,,,,,,,,,,,,,,,,,,,,,,,,,,,,,,,
,,,,,,,,,,,,,,,,,,,,,,,,,,,,,,,
,,,,,,,,,,,,,,,,,,,,,,,,,,,,,,,
,,,,,,,,,,,,,,,,,,,,,,,,,,,,,,,
,,,,,,,,,,,,,,,,,,,,,,,,,,,,,,,
,,,,,,,,,,,,,,,,,,,,,,,,,,,,,,,
,,,,,,,,,,,,,,,,,,,,,,,,,,,,,,,
,,,,,,,,,,,,,,,,,,,,,,,,,,,,,,,
,,,,,,,,,,,,,,,,,,,,,,,,,,,,,,,
,,,,,,,,,,,,,,,,,,,,,,,,,,,,,,,
,,,,,,,,,,,,,,,,,,,,,,,,,,,,,,,
,,,,,,,,,,,,,,,,,,,,,,,,,,,,,,,
,,,,,,,,,,,,,,,,,,,,,,,,,,,,,,,
,,,,,,,,,,,,,,,,,,,,,,,,,,,,,,,
,,,,,,,,,,,,,,,,,,,,,,,,,,,,,,,
,,,,,,,,,,,,,,,,,,,,,,,,,,,,,,,
,,,,,,,,,,,,,,,,,,,,,,,,,,,,,,,
,,,,,,,,,,,,,,,,,,,,,,,,,,,,,,,
,,,,,,,,,,,,,,,,,,,,,,,,,,,,,,,
,,,,,,,,,,,,,,,,,,,,,,,,,,,,,,,
,,,,,,,,,,,,,,,,,,,,,,,,,,,,,,,
,,,,,,,,,,,,,,,,,,,,,,,,,,,,,,,
,,,,,,,,,,,,,,,,,,,,,,,,,,,,,,,
,,,,,,,,,,,,,,,,,,,,,,,,,,,,,,,
,,,,,,,,,,,,,,,,,,,,,,,,,,,,,,,
,,,,,,,,,,,,,,,,,,,,,,,,,,,,,,,
,,,,,,,,,,,,,,,,,,,,,,,,,,,,,,,
,,,,,,,,,,,,,,,,,,,,,,,,,,,,,,,
,,,,,,,,,,,,,,,,,,,,,,,,,,,,,,,
,,,,,,,,,,,,,,,,,,,,,,,,,,,,,,,
,,,,,,,,,,,,,,,,,,,,,,,,,,,,,,,
,,,,,,,,,,,,,,,,,,,,,,,,,,,,,,,
,,,,,,,,,,,,,,,,,,,,,,,,,,,,,,,
,,,,,,,,,,,,,,,,,,,,,,,,,,,,,,,
,,,,,,,,,,,,,,,,,,,,,,,,,,,,,,,
,,,,,,,,,,,,,,,,,,,,,,,,,,,,,,,
,,,,,,,,,,,,,,,,,,,,,,,,,,,,,,,
,,,,,,,,,,,,,,,,,,,,,,,,,,,,,,,
,,,,,,,,,,,,,,,,,,,,,,,,,,,,,,,
,,,,,,,,,,,,,,,,,,,,,,,,,,,,,,,
,,,,,,,,,,,,,,,,,,,,,,,,,,,,,,,
,,,,,,,,,,,,,,,,,,,,,,,,,,,,,,,
,,,,,,,,,,,,,,,,,,,,,,,,,,,,,,,
,,,,,,,,,,,,,,,,,,,,,,,,,,,,,,,
,,,,,,,,,,,,,,,,,,,,,,,,,,,,,,,
,,,,,,,,,,,,,,,,,,,,,,,,,,,,,,,
,,,,,,,,,,,,,,,,,,,,,,,,,,,,,,,
,,,,,,,,,,,,,,,,,,,,,,,,,,,,,,,
,,,,,,,,,,,,,,,,,,,,,,,,,,,,,,,
,,,,,,,,,,,,,,,,,,,,,,,,,,,,,,,
,,,,,,,,,,,,,,,,,,,,,,,,,,,,,,,
,,,,,,,,,,,,,,,,,,,,,,,,,,,,,,,
,,,,,,,,,,,,,,,,,,,,,,,,,,,,,,,
,,,,,,,,,,,,,,,,,,,,,,,,,,,,,,,
,,,,,,,,,,,,,,,,,,,,,,,,,,,,,,,
,,,,,,,,,,,,,,,,,,,,,,,,,,,,,,,
,,,,,,,,,,,,,,,,,,,,,,,,,,,,,,,
,,,,,,,,,,,,,,,,,,,,,,,,,,,,,,,
,,,,,,,,,,,,,,,,,,,,,,,,,,,,,,,
,,,,,,,,,,,,,,,,,,,,,,,,,,,,,,,
,,,,,,,,,,,,,,,,,,,,,,,,,,,,,,,
,,,,,,,,,,,,,,,,,,,,,,,,,,,,,,,
,,,,,,,,,,,,,,,,,,,,,,,,,,,,,,,
,,,,,,,,,,,,,,,,,,,,,,,,,,,,,,,
,,,,,,,,,,,,,,,,,,,,,,,,,,,,,,,
,,,,,,,,,,,,,,,,,,,,,,,,,,,,,,,
,,,,,,,,,,,,,,,,,,,,,,,,,,,,,,,
,,,,,,,,,,,,,,,,,,,,,,,,,,,,,,,
,,,,,,,,,,,,,,,,,,,,,,,,,,,,,,,
,,,,,,,,,,,,,,,,,,,,,,,,,,,,,,,
,,,,,,,,,,,,,,,,,,,,,,,,,,,,,,,
,,,,,,,,,,,,,,,,,,,,,,,,,,,,,,,
,,,,,,,,,,,,,,,,,,,,,,,,,,,,,,,
,,,,,,,,,,,,,,,,,,,,,,,,,,,,,,,
,,,,,,,,,,,,,,,,,,,,,,,,,,,,,,,
,,,,,,,,,,,,,,,,,,,,,,,,,,,,,,,
,,,,,,,,,,,,,,,,,,,,,,,,,,,,,,,
,,,,,,,,,,,,,,,,,,,,,,,,,,,,,,,
,,,,,,,,,,,,,,,,,,,,,,,,,,,,,,,
,,,,,,,,,,,,,,,,,,,,,,,,,,,,,,,
,,,,,,,,,,,,,,,,,,,,,,,,,,,,,,,
,,,,,,,,,,,,,,,,,,,,,,,,,,,,,,,
,,,,,,,,,,,,,,,,,,,,,,,,,,,,,,,
,,,,,,,,,,,,,,,,,,,,,,,,,,,,,,,
,,,,,,,,,,,,,,,,,,,,,,,,,,,,,,,
,,,,,,,,,,,,,,,,,,,,,,,,,,,,,,,
,,,,,,,,,,,,,,,,,,,,,,,,,,,,,,,
,,,,,,,,,,,,,,,,,,,,,,,,,,,,,,,
,,,,,,,,,,,,,,,,,,,,,,,,,,,,,,,
,,,,,,,,,,,,,,,,,,,,,,,,,,,,,,,
,,,,,,,,,,,,,,,,,,,,,,,,,,,,,,,
,,,,,,,,,,,,,,,,,,,,,,,,,,,,,,,
,,,,,,,,,,,,,,,,,,,,,,,,,,,,,,,
,,,,,,,,,,,,,,,,,,,,,,,,,,,,,,,
,,,,,,,,,,,,,,,,,,,,,,,,,,,,,,,
,,,,,,,,,,,,,,,,,,,,,,,,,,,,,,,
,,,,,,,,,,,,,,,,,,,,,,,,,,,,,,,
,,,,,,,,,,,,,,,,,,,,,,,,,,,,,,,
,,,,,,,,,,,,,,,,,,,,,,,,,,,,,,,
,,,,,,,,,,,,,,,,,,,,,,,,,,,,,,,
,,,,,,,,,,,,,,,,,,,,,,,,,,,,,,,
,,,,,,,,,,,,,,,,,,,,,,,,,,,,,,,
,,,,,,,,,,,,,,,,,,,,,,,,,,,,,,,
,,,,,,,,,,,,,,,,,,,,,,,,,,,,,,,
,,,,,,,,,,,,,,,,,,,,,,,,,,,,,,,
,,,,,,,,,,,,,,,,,,,,,,,,,,,,,,,
,,,,,,,,,,,,,,,,,,,,,,,,,,,,,,,
,,,,,,,,,,,,,,,,,,,,,,,,,,,,,,,
,,,,,,,,,,,,,,,,,,,,,,,,,,,,,,,
,,,,,,,,,,,,,,,,,,,,,,,,,,,,,,,
,,,,,,,,,,,,,,,,,,,,,,,,,,,,,,,
,,,,,,,,,,,,,,,,,,,,,,,,,,,,,,,
,,,,,,,,,,,,,,,,,,,,,,,,,,,,,,,
,,,,,,,,,,,,,,,,,,,,,,,,,,,,,,,
,,,,,,,,,,,,,,,,,,,,,,,,,,,,,,,
,,,,,,,,,,,,,,,,,,,,,,,,,,,,,,,
,,,,,,,,,,,,,,,,,,,,,,,,,,,,,,,
,,,,,,,,,,,,,,,,,,,,,,,,,,,,,,,
,,,,,,,,,,,,,,,,,,,,,,,,,,,,,,,
,,,,,,,,,,,,,,,,,,,,,,,,,,,,,,,
,,,,,,,,,,,,,,,,,,,,,,,,,,,,,,,
,,,,,,,,,,,,,,,,,,,,,,,,,,,,,,,
,,,,,,,,,,,,,,,,,,,,,,,,,,,,,,,
,,,,,,,,,,,,,,,,,,,,,,,,,,,,,,,
,,,,,,,,,,,,,,,,,,,,,,,,,,,,,,,
,,,,,,,,,,,,,,,,,,,,,,,,,,,,,,,
,,,,,,,,,,,,,,,,,,,,,,,,,,,,,,,
,,,,,,,,,,,,,,,,,,,,,,,,,,,,,,,
,,,,,,,,,,,,,,,,,,,,,,,,,,,,,,,
,,,,,,,,,,,,,,,,,,,,,,,,,,,,,,,
,,,,,,,,,,,,,,,,,,,,,,,,,,,,,,,
,,,,,,,,,,,,,,,,,,,,,,,,,,,,,,,
,,,,,,,,,,,,,,,,,,,,,,,,,,,,,,,
,,,,,,,,,,,,,,,,,,,,,,,,,,,,,,,
,,,,,,,,,,,,,,,,,,,,,,,,,,,,,,,
,,,,,,,,,,,,,,,,,,,,,,,,,,,,,,,
,,,,,,,,,,,,,,,,,,,,,,,,,,,,,,,
,,,,,,,,,,,,,,,,,,,,,,,,,,,,,,,
,,,,,,,,,,,,,,,,,,,,,,,,,,,,,,,
,,,,,,,,,,,,,,,,,,,,,,,,,,,,,,,
,,,,,,,,,,,,,,,,,,,,,,,,,,,,,,,
,,,,,,,,,,,,,,,,,,,,,,,,,,,,,,,
,,,,,,,,,,,,,,,,,,,,,,,,,,,,,,,
,,,,,,,,,,,,,,,,,,,,,,,,,,,,,,,
,,,,,,,,,,,,,,,,,,,,,,,,,,,,,,,
,,,,,,,,,,,,,,,,,,,,,,,,,,,,,,,
,,,,,,,,,,,,,,,,,,,,,,,,,,,,,,,
,,,,,,,,,,,,,,,,,,,,,,,,,,,,,,,
,,,,,,,,,,,,,,,,,,,,,,,,,,,,,,,
,,,,,,,,,,,,,,,,,,,,,,,,,,,,,,,
,,,,,,,,,,,,,,,,,,,,,,,,,,,,,,,
,,,,,,,,,,,,,,,,,,,,,,,,,,,,,,,
,,,,,,,,,,,,,,,,,,,,,,,,,,,,,,,
,,,,,,,,,,,,,,,,,,,,,,,,,,,,,,,
,,,,,,,,,,,,,,,,,,,,,,,,,,,,,,,
,,,,,,,,,,,,,,,,,,,,,,,,,,,,,,,
,,,,,,,,,,,,,,,,,,,,,,,,,,,,,,,
,,,,,,,,,,,,,,,,,,,,,,,,,,,,,,,
,,,,,,,,,,,,,,,,,,,,,,,,,,,,,,,
,,,,,,,,,,,,,,,,,,,,,,,,,,,,,,,
,,,,,,,,,,,,,,,,,,,,,,,,,,,,,,,
,,,,,,,,,,,,,,,,,,,,,,,,,,,,,,,
,,,,,,,,,,,,,,,,,,,,,,,,,,,,,,,
,,,,,,,,,,,,,,,,,,,,,,,,,,,,,,,
,,,,,,,,,,,,,,,,,,,,,,,,,,,,,,,
,,,,,,,,,,,,,,,,,,,,,,,,,,,,,,,
,,,,,,,,,,,,,,,,,,,,,,,,,,,,,,,
,,,,,,,,,,,,,,,,,,,,,,,,,,,,,,,
,,,,,,,,,,,,,,,,,,,,,,,,,,,,,,,
,,,,,,,,,,,,,,,,,,,,,,,,,,,,,,,
,,,,,,,,,,,,,,,,,,,,,,,,,,,,,,,
,,,,,,,,,,,,,,,,,,,,,,,,,,,,,,,
,,,,,,,,,,,,,,,,,,,,,,,,,,,,,,,
,,,,,,,,,,,,,,,,,,,,,,,,,,,,,,,
,,,,,,,,,,,,,,,,,,,,,,,,,,,,,,,
,,,,,,,,,,,,,,,,,,,,,,,,,,,,,,,
,,,,,,,,,,,,,,,,,,,,,,,,,,,,,,,
,,,,,,,,,,,,,,,,,,,,,,,,,,,,,,,
,,,,,,,,,,,,,,,,,,,,,,,,,,,,,,,
,,,,,,,,,,,,,,,,,,,,,,,,,,,,,,,
,,,,,,,,,,,,,,,,,,,,,,,,,,,,,,,
,,,,,,,,,,,,,,,,,,,,,,,,,,,,,,,
,,,,,,,,,,,,,,,,,,,,,,,,,,,,,,,
,,,,,,,,,,,,,,,,,,,,,,,,,,,,,,,
,,,,,,,,,,,,,,,,,,,,,,,,,,,,,,,
,,,,,,,,,,,,,,,,,,,,,,,,,,,,,,,
,,,,,,,,,,,,,,,,,,,,,,,,,,,,,,,
,,,,,,,,,,,,,,,,,,,,,,,,,,,,,,,
,,,,,,,,,,,,,,,,,,,,,,,,,,,,,,,
,,,,,,,,,,,,,,,,,,,,,,,,,,,,,,,
,,,,,,,,,,,,,,,,,,,,,,,,,,,,,,,
,,,,,,,,,,,,,,,,,,,,,,,,,,,,,,,
,,,,,,,,,,,,,,,,,,,,,,,,,,,,,,,
,,,,,,,,,,,,,,,,,,,,,,,,,,,,,,,
,,,,,,,,,,,,,,,,,,,,,,,,,,,,,,,
,,,,,,,,,,,,,,,,,,,,,,,,,,,,,,,
,,,,,,,,,,,,,,,,,,,,,,,,,,,,,,,
,,,,,,,,,,,,,,,,,,,,,,,,,,,,,,,
,,,,,,,,,,,,,,,,,,,,,,,,,,,,,,,
,,,,,,,,,,,,,,,,,,,,,,,,,,,,,,,
,,,,,,,,,,,,,,,,,,,,,,,,,,,,,,,
,,,,,,,,,,,,,,,,,,,,,,,,,,,,,,,
,,,,,,,,,,,,,,,,,,,,,,,,,,,,,,,
,,,,,,,,,,,,,,,,,,,,,,,,,,,,,,,
,,,,,,,,,,,,,,,,,,,,,,,,,,,,,,,
,,,,,,,,,,,,,,,,,,,,,,,,,,,,,,,
,,,,,,,,,,,,,,,,,,,,,,,,,,,,,,,
,,,,,,,,,,,,,,,,,,,,,,,,,,,,,,,
,,,,,,,,,,,,,,,,,,,,,,,,,,,,,,,
,,,,,,,,,,,,,,,,,,,,,,,,,,,,,,,
,,,,,,,,,,,,,,,,,,,,,,,,,,,,,,,
,,,,,,,,,,,,,,,,,,,,,,,,,,,,,,,
,,,,,,,,,,,,,,,,,,,,,,,,,,,,,,,
,,,,,,,,,,,,,,,,,,,,,,,,,,,,,,,
,,,,,,,,,,,,,,,,,,,,,,,,,,,,,,,
,,,,,,,,,,,,,,,,,,,,,,,,,,,,,,,
,,,,,,,,,,,,,,,,,,,,,,,,,,,,,,,
,,,,,,,,,,,,,,,,,,,,,,,,,,,,,,,
,,,,,,,,,,,,,,,,,,,,,,,,,,,,,,,
,,,,,,,,,,,,,,,,,,,,,,,,,,,,,,,
,,,,,,,,,,,,,,,,,,,,,,,,,,,,,,,
,,,,,,,,,,,,,,,,,,,,,,,,,,,,,,,
,,,,,,,,,,,,,,,,,,,,,,,,,,,,,,,
,,,,,,,,,,,,,,,,,,,,,,,,,,,,,,,
,,,,,,,,,,,,,,,,,,,,,,,,,,,,,,,
,,,,,,,,,,,,,,,,,,,,,,,,,,,,,,,
,,,,,,,,,,,,,,,,,,,,,,,,,,,,,,,
,,,,,,,,,,,,,,,,,,,,,,,,,,,,,,,
,,,,,,,,,,,,,,,,,,,,,,,,,,,,,,,
,,,,,,,,,,,,,,,,,,,,,,,,,,,,,,,
,,,,,,,,,,,,,,,,,,,,,,,,,,,,,,,
,,,,,,,,,,,,,,,,,,,,,,,,,,,,,,,
,,,,,,,,,,,,,,,,,,,,,,,,,,,,,,,
,,,,,,,,,,,,,,,,,,,,,,,,,,,,,,,
,,,,,,,,,,,,,,,,,,,,,,,,,,,,,,,
,,,,,,,,,,,,,,,,,,,,,,,,,,,,,,,
,,,,,,,,,,,,,,,,,,,,,,,,,,,,,,,
,,,,,,,,,,,,,,,,,,,,,,,,,,,,,,,
,,,,,,,,,,,,,,,,,,,,,,,,,,,,,,,
,,,,,,,,,,,,,,,,,,,,,,,,,,,,,,,
,,,,,,,,,,,,,,,,,,,,,,,,,,,,,,,
,,,,,,,,,,,,,,,,,,,,,,,,,,,,,,,
,,,,,,,,,,,,,,,,,,,,,,,,,,,,,,,
,,,,,,,,,,,,,,,,,,,,,,,,,,,,,,,
,,,,,,,,,,,,,,,,,,,,,,,,,,,,,,,
,,,,,,,,,,,,,,,,,,,,,,,,,,,,,,,
,,,,,,,,,,,,,,,,,,,,,,,,,,,,,,,
,,,,,,,,,,,,,,,,,,,,,,,,,,,,,,,
,,,,,,,,,,,,,,,,,,,,,,,,,,,,,,,
,,,,,,,,,,,,,,,,,,,,,,,,,,,,,,,
,,,,,,,,,,,,,,,,,,,,,,,,,,,,,,,
,,,,,,,,,,,,,,,,,,,,,,,,,,,,,,,
,,,,,,,,,,,,,,,,,,,,,,,,,,,,,,,
,,,,,,,,,,,,,,,,,,,,,,,,,,,,,,,
,,,,,,,,,,,,,,,,,,,,,,,,,,,,,,,
,,,,,,,,,,,,,,,,,,,,,,,,,,,,,,,
,,,,,,,,,,,,,,,,,,,,,,,,,,,,,,,
,,,,,,,,,,,,,,,,,,,,,,,,,,,,,,,
,,,,,,,,,,,,,,,,,,,,,,,,,,,,,,,
,,,,,,,,,,,,,,,,,,,,,,,,,,,,,,,
,,,,,,,,,,,,,,,,,,,,,,,,,,,,,,,
,,,,,,,,,,,,,,,,,,,,,,,,,,,,,,,
,,,,,,,,,,,,,,,,,,,,,,,,,,,,,,,
,,,,,,,,,,,,,,,,,,,,,,,,,,,,,,,
,,,,,,,,,,,,,,,,,,,,,,,,,,,,,,,
,,,,,,,,,,,,,,,,,,,,,,,,,,,,,,,
,,,,,,,,,,,,,,,,,,,,,,,,,,,,,,,
,,,,,,,,,,,,,,,,,,,,,,,,,,,,,,,
,,,,,,,,,,,,,,,,,,,,,,,,,,,,,,,
,,,,,,,,,,,,,,,,,,,,,,,,,,,,,,,
,,,,,,,,,,,,,,,,,,,,,,,,,,,,,,,
,,,,,,,,,,,,,,,,,,,,,,,,,,,,,,,
,,,,,,,,,,,,,,,,,,,,,,,,,,,,,,,
,,,,,,,,,,,,,,,,,,,,,,,,,,,,,,,
,,,,,,,,,,,,,,,,,,,,,,,,,,,,,,,
,,,,,,,,,,,,,,,,,,,,,,,,,,,,,,,
,,,,,,,,,,,,,,,,,,,,,,,,,,,,,,,
,,,,,,,,,,,,,,,,,,,,,,,,,,,,,,,
,,,,,,,,,,,,,,,,,,,,,,,,,,,,,,,
,,,,,,,,,,,,,,,,,,,,,,,,,,,,,,,
,,,,,,,,,,,,,,,,,,,,,,,,,,,,,,,
,,,,,,,,,,,,,,,,,,,,,,,,,,,,,,,
,,,,,,,,,,,,,,,,,,,,,,,,,,,,,,,
,,,,,,,,,,,,,,,,,,,,,,,,,,,,,,,
,,,,,,,,,,,,,,,,,,,,,,,,,,,,,,,
,,,,,,,,,,,,,,,,,,,,,,,,,,,,,,,
,,,,,,,,,,,,,,,,,,,,,,,,,,,,,,,
,,,,,,,,,,,,,,,,,,,,,,,,,,,,,,,
,,,,,,,,,,,,,,,,,,,,,,,,,,,,,,,
,,,,,,,,,,,,,,,,,,,,,,,,,,,,,,,
,,,,,,,,,,,,,,,,,,,,,,,,,,,,,,,
,,,,,,,,,,,,,,,,,,,,,,,,,,,,,,,
,,,,,,,,,,,,,,,,,,,,,,,,,,,,,,,
,,,,,,,,,,,,,,,,,,,,,,,,,,,,,,,
,,,,,,,,,,,,,,,,,,,,,,,,,,,,,,,
,,,,,,,,,,,,,,,,,,,,,,,,,,,,,,,
,,,,,,,,,,,,,,,,,,,,,,,,,,,,,,,
,,,,,,,,,,,,,,,,,,,,,,,,,,,,,,,
,,,,,,,,,,,,,,,,,,,,,,,,,,,,,,,
,,,,,,,,,,,,,,,,,,,,,,,,,,,,,,,
,,,,,,,,,,,,,,,,,,,,,,,,,,,,,,,
,,,,,,,,,,,,,,,,,,,,,,,,,,,,,,,
,,,,,,,,,,,,,,,,,,,,,,,,,,,,,,,
,,,,,,,,,,,,,,,,,,,,,,,,,,,,,,,
,,,,,,,,,,,,,,,,,,,,,,,,,,,,,,,
,,,,,,,,,,,,,,,,,,,,,,,,,,,,,,,
,,,,,,,,,,,,,,,,,,,,,,,,,,,,,,,
,,,,,,,,,,,,,,,,,,,,,,,,,,,,,,,
,,,,,,,,,,,,,,,,,,,,,,,,,,,,,,,
,,,,,,,,,,,,,,,,,,,,,,,,,,,,,,,
,,,,,,,,,,,,,,,,,,,,,,,,,,,,,,,
,,,,,,,,,,,,,,,,,,,,,,,,,,,,,,,
,,,,,,,,,,,,,,,,,,,,,,,,,,,,,,,
,,,,,,,,,,,,,,,,,,,,,,,,,,,,,,,
,,,,,,,,,,,,,,,,,,,,,,,,,,,,,,,
,,,,,,,,,,,,,,,,,,,,,,,,,,,,,,,
,,,,,,,,,,,,,,,,,,,,,,,,,,,,,,,
,,,,,,,,,,,,,,,,,,,,,,,,,,,,,,,
,,,,,,,,,,,,,,,,,,,,,,,,,,,,,,,
,,,,,,,,,,,,,,,,,,,,,,,,,,,,,,,
,,,,,,,,,,,,,,,,,,,,,,,,,,,,,,,
,,,,,,,,,,,,,,,,,,,,,,,,,,,,,,,
,,,,,,,,,,,,,,,,,,,,,,,,,,,,,,,
,,,,,,,,,,,,,,,,,,,,,,,,,,,,,,,
,,,,,,,,,,,,,,,,,,,,,,,,,,,,,,,
,,,,,,,,,,,,,,,,,,,,,,,,,,,,,,,
,,,,,,,,,,,,,,,,,,,,,,,,,,,,,,,
,,,,,,,,,,,,,,,,,,,,,,,,,,,,,,,
,,,,,,,,,,,,,,,,,,,,,,,,,,,,,,,
,,,,,,,,,,,,,,,,,,,,,,,,,,,,,,,
,,,,,,,,,,,,,,,,,,,,,,,,,,,,,,,
,,,,,,,,,,,,,,,,,,,,,,,,,,,,,,,
,,,,,,,,,,,,,,,,,,,,,,,,,,,,,,,
,,,,,,,,,,,,,,,,,,,,,,,,,,,,,,,
,,,,,,,,,,,,,,,,,,,,,,,,,,,,,,,
,,,,,,,,,,,,,,,,,,,,,,,,,,,,,,,
,,,,,,,,,,,,,,,,,,,,,,,,,,,,,,,
,,,,,,,,,,,,,,,,,,,,,,,,,,,,,,,
,,,,,,,,,,,,,,,,,,,,,,,,,,,,,,,
,,,,,,,,,,,,,,,,,,,,,,,,,,,,,,,
,,,,,,,,,,,,,,,,,,,,,,,,,,,,,,,
,,,,,,,,,,,,,,,,,,,,,,,,,,,,,,,
,,,,,,,,,,,,,,,,,,,,,,,,,,,,,,,
,,,,,,,,,,,,,,,,,,,,,,,,,,,,,,,
,,,,,,,,,,,,,,,,,,,,,,,,,,,,,,,
,,,,,,,,,,,,,,,,,,,,,,,,,,,,,,,
,,,,,,,,,,,,,,,,,,,,,,,,,,,,,,,
,,,,,,,,,,,,,,,,,,,,,,,,,,,,,,,
,,,,,,,,,,,,,,,,,,,,,,,,,,,,,,,
,,,,,,,,,,,,,,,,,,,,,,,,,,,,,,,
,,,,,,,,,,,,,,,,,,,,,,,,,,,,,,,
,,,,,,,,,,,,,,,,,,,,,,,,,,,,,,,
,,,,,,,,,,,,,,,,,,,,,,,,,,,,,,,
,,,,,,,,,,,,,,,,,,,,,,,,,,,,,,,
,,,,,,,,,,,,,,,,,,,,,,,,,,,,,,,
,,,,,,,,,,,,,,,,,,,,,,,,,,,,,,,
,,,,,,,,,,,,,,,,,,,,,,,,,,,,,,,
,,,,,,,,,,,,,,,,,,,,,,,,,,,,,,,
,,,,,,,,,,,,,,,,,,,,,,,,,,,,,,,
,,,,,,,,,,,,,,,,,,,,,,,,,,,,,,,
,,,,,,,,,,,,,,,,,,,,,,,,,,,,,,,
,,,,,,,,,,,,,,,,,,,,,,,,,,,,,,,
,,,,,,,,,,,,,,,,,,,,,,,,,,,,,,,
,,,,,,,,,,,,,,,,,,,,,,,,,,,,,,,
,,,,,,,,,,,,,,,,,,,,,,,,,,,,,,,
,,,,,,,,,,,,,,,,,,,,,,,,,,,,,,,
,,,,,,,,,,,,,,,,,,,,,,,,,,,,,,,
,,,,,,,,,,,,,,,,,,,,,,,,,,,,,,,
,,,,,,,,,,,,,,,,,,,,,,,,,,,,,,,
,,,,,,,,,,,,,,,,,,,,,,,,,,,,,,,
,,,,,,,,,,,,,,,,,,,,,,,,,,,,,,,
,,,,,,,,,,,,,,,,,,,,,,,,,,,,,,,
,,,,,,,,,,,,,,,,,,,,,,,,,,,,,,,
,,,,,,,,,,,,,,,,,,,,,,,,,,,,,,,
,,,,,,,,,,,,,,,,,,,,,,,,,,,,,,,
,,,,,,,,,,,,,,,,,,,,,,,,,,,,,,,
,,,,,,,,,,,,,,,,,,,,,,,,,,,,,,,
,,,,,,,,,,,,,,,,,,,,,,,,,,,,,,,
,,,,,,,,,,,,,,,,,,,,,,,,,,,,,,,
,,,,,,,,,,,,,,,,,,,,,,,,,,,,,,,
,,,,,,,,,,,,,,,,,,,,,,,,,,,,,,,
,,,,,,,,,,,,,,,,,,,,,,,,,,,,,,,
,,,,,,,,,,,,,,,,,,,,,,,,,,,,,,,
,,,,,,,,,,,,,,,,,,,,,,,,,,,,,,,
,,,,,,,,,,,,,,,,,,,,,,,,,,,,,,,
,,,,,,,,,,,,,,,,,,,,,,,,,,,,,,,
,,,,,,,,,,,,,,,,,,,,,,,,,,,,,,,
,,,,,,,,,,,,,,,,,,,,,,,,,,,,,,,
,,,,,,,,,,,,,,,,,,,,,,,,,,,,,,,
,,,,,,,,,,,,,,,,,,,,,,,,,,,,,,,
,,,,,,,,,,,,,,,,,,,,,,,,,,,,,,,
,,,,,,,,,,,,,,,,,,,,,,,,,,,,,,,
,,,,,,,,,,,,,,,,,,,,,,,,,,,,,,,
,,,,,,,,,,,,,,,,,,,,,,,,,,,,,,,
,,,,,,,,,,,,,,,,,,,,,,,,,,,,,,,
,,,,,,,,,,,,,,,,,,,,,,,,,,,,,,,
,,,,,,,,,,,,,,,,,,,,,,,,,,,,,,,
,,,,,,,,,,,,,,,,,,,,,,,,,,,,,,,
,,,,,,,,,,,,,,,,,,,,,,,,,,,,,,,
,,,,,,,,,,,,,,,,,,,,,,,,,,,,,,,
,,,,,,,,,,,,,,,,,,,,,,,,,,,,,,,
,,,,,,,,,,,,,,,,,,,,,,,,,,,,,,,
,,,,,,,,,,,,,,,,,,,,,,,,,,,,,,,
,,,,,,,,,,,,,,,,,,,,,,,,,,,,,,,
,,,,,,,,,,,,,,,,,,,,,,,,,,,,,,,
,,,,,,,,,,,,,,,,,,,,,,,,,,,,,,,
,,,,,,,,,,,,,,,,,,,,,,,,,,,,,,,
,,,,,,,,,,,,,,,,,,,,,,,,,,,,,,,
,,,,,,,,,,,,,,,,,,,,,,,,,,,,,,,
,,,,,,,,,,,,,,,,,,,,,,,,,,,,,,,
,,,,,,,,,,,,,,,,,,,,,,,,,,,,,,,
,,,,,,,,,,,,,,,,,,,,,,,,,,,,,,,
,,,,,,,,,,,,,,,,,,,,,,,,,,,,,,,
,,,,,,,,,,,,,,,,,,,,,,,,,,,,,,,
,,,,,,,,,,,,,,,,,,,,,,,,,,,,,,,
,,,,,,,,,,,,,,,,,,,,,,,,,,,,,,,
,,,,,,,,,,,,,,,,,,,,,,,,,,,,,,,
,,,,,,,,,,,,,,,,,,,,,,,,,,,,,,,
,,,,,,,,,,,,,,,,,,,,,,,,,,,,,,,
,,,,,,,,,,,,,,,,,,,,,,,,,,,,,,,
,,,,,,,,,,,,,,,,,,,,,,,,,,,,,,,
,,,,,,,,,,,,,,,,,,,,,,,,,,,,,,,
,,,,,,,,,,,,,,,,,,,,,,,,,,,,,,,
,,,,,,,,,,,,,,,,,,,,,,,,,,,,,,,
,,,,,,,,,,,,,,,,,,,,,,,,,,,,,,,
,,,,,,,,,,,,,,,,,,,,,,,,,,,,,,,
,,,,,,,,,,,,,,,,,,,,,,,,,,,,,,,
,,,,,,,,,,,,,,,,,,,,,,,,,,,,,,,
,,,,,,,,,,,,,,,,,,,,,,,,,,,,,,,
,,,,,,,,,,,,,,,,,,,,,,,,,,,,,,,
,,,,,,,,,,,,,,,,,,,,,,,,,,,,,,,
,,,,,,,,,,,,,,,,,,,,,,,,,,,,,,,
,,,,,,,,,,,,,,,,,,,,,,,,,,,,,,,
,,,,,,,,,,,,,,,,,,,,,,,,,,,,,,,
,,,,,,,,,,,,,,,,,,,,,,,,,,,,,,,
,,,,,,,,,,,,,,,,,,,,,,,,,,,,,,,
,,,,,,,,,,,,,,,,,,,,,,,,,,,,,,,
,,,,,,,,,,,,,,,,,,,,,,,,,,,,,,,
,,,,,,,,,,,,,,,,,,,,,,,,,,,,,,,
,,,,,,,,,,,,,,,,,,,,,,,,,,,,,,,
,,,,,,,,,,,,,,,,,,,,,,,,,,,,,,,
,,,,,,,,,,,,,,,,,,,,,,,,,,,,,,,
,,,,,,,,,,,,,,,,,,,,,,,,,,,,,,,
,,,,,,,,,,,,,,,,,,,,,,,,,,,,,,,
,,,,,,,,,,,,,,,,,,,,,,,,,,,,,,,
,,,,,,,,,,,,,,,,,,,,,,,,,,,,,,,
,,,,,,,,,,,,,,,,,,,,,,,,,,,,,,,
,,,,,,,,,,,,,,,,,,,,,,,,,,,,,,,
,,,,,,,,,,,,,,,,,,,,,,,,,,,,,,,
,,,,,,,,,,,,,,,,,,,,,,,,,,,,,,,
,,,,,,,,,,,,,,,,,,,,,,,,,,,,,,,
,,,,,,,,,,,,,,,,,,,,,,,,,,,,,,,
,,,,,,,,,,,,,,,,,,,,,,,,,,,,,,,
,,,,,,,,,,,,,,,,,,,,,,,,,,,,,,,
,,,,,,,,,,,,,,,,,,,,,,,,,,,,,,,
,,,,,,,,,,,,,,,,,,,,,,,,,,,,,,,
,,,,,,,,,,,,,,,,,,,,,,,,,,,,,,,
,,,,,,,,,,,,,,,,,,,,,,,,,,,,,,,
,,,,,,,,,,,,,,,,,,,,,,,,,,,,,,,
,,,,,,,,,,,,,,,,,,,,,,,,,,,,,,,
,,,,,,,,,,,,,,,,,,,,,,,,,,,,,,,
,,,,,,,,,,,,,,,,,,,,,,,,,,,,,,,
,,,,,,,,,,,,,,,,,,,,,,,,,,,,,,,
,,,,,,,,,,,,,,,,,,,,,,,,,,,,,,,
,,,,,,,,,,,,,,,,,,,,,,,,,,,,,,,
,,,,,,,,,,,,,,,,,,,,,,,,,,,,,,,
,,,,,,,,,,,,,,,,,,,,,,,,,,,,,,,
,,,,,,,,,,,,,,,,,,,,,,,,,,,,,,,
,,,,,,,,,,,,,,,,,,,,,,,,,,,,,,,
,,,,,,,,,,,,,,,,,,,,,,,,,,,,,,,
,,,,,,,,,,,,,,,,,,,,,,,,,,,,,,,
,,,,,,,,,,,,,,,,,,,,,,,,,,,,,,,
,,,,,,,,,,,,,,,,,,,,,,,,,,,,,,,
,,,,,,,,,,,,,,,,,,,,,,,,,,,,,,,
,,,,,,,,,,,,,,,,,,,,,,,,,,,,,,,
,,,,,,,,,,,,,,,,,,,,,,,,,,,,,,,
,,,,,,,,,,,,,,,,,,,,,,,,,,,,,,,
